Kode Jasa,Nama Jasa,Kode Group,Kode Sub Group,Estimasi Waktu,Tipe Waktu,Harga Jual
JS0032,GANTI KAMPAS KOPLING CUB,OTHER,,120,MENIT,100000.00
00225,SERVICE AREA 2,LS,,30,MENIT,20000.00
00444,BERSIHIN DINAMO STATER,LR,,20,MENIT,30000.00
02,SETING KLEP,LR,,45,MENIT,65000.00
022,PASANG JARI-JARI,LR,,30,MENIT,35000.00
032,BUBUT BAUT,LR,,30,MENIT,90000.00
03564,BERSIHIN SEPUL,LR,,20,MENIT,30000.00
04,PASANG BOS KLEP,LR,,30,MENIT,60000.00
052,LAS,LR,,20,JAM,30000.00
054,LAS,LR,,20,JAM,30000.00
0T1,CAS AKI,OTHER,,1,JAM,15000.00
0T2,tambal ban tubles,OTHER,,10,MENIT,20000.00
0T3,PENGISIAN BARU NITROGEN 1 BAN,OTHER,,2,MENIT,4000.00
0T4,PENGISIAN BARU NITROGEN 2 BAN,OTHER,,3,MENIT,8000.00
0T5,TAMBAH NITROGEN 2 BAN,OTHER,,1,MENIT,3000.00
0T6,TAMBAH NITROGEN 1,OTHER,,1,MENIT,2000.00
10,Turun Mesin Cub,HR,,2,HARI,400000.00
100,ENGINE TUNE UP CUB 100,CS,,45,MENIT,65000.00
1001,Servis Ringan Cub 125cc,LS,,30,MENIT,25000.00
1002,Servis Ringan Matic,LS,,30,MENIT,27000.00
1003,SERVIS RINGAN MATIC 125,LS,,30,MENIT,27000.00
1004,Servis Ringan Sport,LS,,40,MENIT,30000.00
1005,service extra,LS,,15,MENIT,10000.00
101,ENGINE TUNE UP CUB 100UP,CS,,45,MENIT,65000.00
102,ENGINE TUNE UP CUB 125 PGMFI,CS,,45,MENIT,65000.00
103,ENGINE TUNE UP CS1,CS,,1,JAM,75000.00
104,ENGINE TUNE UP MATIC,CS,,45,MENIT,65000.00
105,ENGINE TUNE UP MATIC PGMFI 150 up,CS,,45,MENIT,80000.00
106,ENGINE TUNE UP SPORT,CS,,1,JAM,100000.00
107,ENGINE TUNE UP GTR 150,CS,,1,JAM,80000.00
108,ENGINE TUNE UP PCX adv vario160,CS,,1,JAM,80000.00
109,kabel body,LR,,127,MENIT,150000.00
11,belah mesin kanan,HR,,1,HARI,100000.00
110,SERVICE REM CAKRAM,LR,,20,MENIT,15000.00
111,Service Rem,LR,,15,MENIT,20000.00
1111,paket 1 CS + injector,CS,,45,MENIT,75000.00
11111,PASANG BONGKAR BANDULAN,LR,,30,HARI,50000.00
1112,paket 2  CS + super matik,CS,,1,JAM,75000.00
1113,paket 3 CS + injector + super matic,CS,,70,MENIT,100000.00
1114,paket carbon cleaner,LS,,15,MENIT,35000.00
1115,paket 1 pcx/adv/vario160  cs +injector,CS,,1,JAM,100000.00
1116,paket 3 pcx/adv/vario160  cs + injector + cvt,CS,,75,MENIT,125000.00
1117,paket 2 pcx/adv/vario160  cs + cvt,CS,,1,JAM,100000.00
112,Pembersihan Kampas Rem,LR,,10,MENIT,20000.00
11235,SOK KPS GANDA GRAND,LR,,45,MENIT,90000.00
113,dinamo stater,LR,,1,JAM,50000.00
114,SEAL MECHANICAL,LR,,1,JAM,100000.00
115,Rantai Kamrat Cub  Ganti,LR,,1,JAM,100000.00
116,Rantai Kamrat Sport  Ganti,LR,,80,MENIT,130000.00
117,GANTI Piston ring Set Cub ATAU MATIC,LR,,1,JAM,125000.00
118,"Piston&ring Set Sport & matic , Ganti",LR,,1,JAM,125000.00
119,"Klep&Skur Klep Cub , Ganti",LR,,120,MENIT,80000.00
12,Turun Mesin Sport,HR,,2,HARI,550000.00
120,"Klep&Skur Klep Sport , Ganti",LR,,120,MENIT,95000.00
121,"R.Crank Case Cover , Ganti",LR,,40,MENIT,275000.00
122,"Clutch , Ganti",LR,,1,JAM,55000.00
123,"Starting Motor/Oil seal , Ganti",LR,,40,MENIT,55000.00
124,"Oil Pump , Ganti",LR,,1,JAM,20000.00
12432,PASANG BOS AREM+KARET AREM,LR,,45,MENIT,100000.00
125,"Karburator , Ganti",LR,,25,MENIT,20000.00
126,"Fuel Tank , Ganti",LR,,1,JAM,50000.00
127,Fuel Unit  Ganti,LR,,20,MENIT,45000.00
128,"Element Cleaner , Ganti",LR,,5,MENIT,5000.00
129,"Throttle Valve, Ganti",LR,,25,MENIT,20000.00
130,"Radiator Assy , Ganti",LR,,1,JAM,50000.00
131,"Plug Spark , Ganti",LR,,5,MENIT,10000.00
132,Jasa Bubut Baut,LR,,30,MENIT,325000.00
133,ROLLER COMP SET,LR,,20,MENIT,35000.00
134,rantai kamrat vario,LR,,30,MENIT,100000.00
135,PLATE COMP DRIVE,LR,,20,MENIT,40000.00
136,GEAR COMP KICK SPINDLE,LR,,45,MENIT,30000.00
137,"SPG,KICK RETURN",LR,,1,JAM,30000.00
138,"Switch Assy Winker , Ganti",LR,,20,MENIT,10000.00
139,"Speedometer/Meter Assy , Ganti",LR,,30,MENIT,30000.00
140,"Switch Lighting , Ganti",LR,,20,MENIT,15000.00
141,"Wire Harness , Ganti",LR,,120,MENIT,45000.00
142,Key Set Ganti,LR,,30,MENIT,70000.00
143,"AC Generator , Ganti",LR,,120,MENIT,35000.00
144,"Switch Fr stop , Ganti",LR,,15,MENIT,10000.00
145,"Switch Rr Stop , Ganti",LR,,15,MENIT,10000.00
146,"CDI Unit/Coil/Rectifier , Ganti",LR,,15,MENIT,50000.00
147,"Bulb Sign Light , Ganti",LR,,5,MENIT,3000.00
148,"Lampu Depan , Ganti",LR,,10,MENIT,12000.00
149,Headlight Assy Ganti,LR,,15,MENIT,50000.00
150,"Stop Light Assy , Ganti",LR,,25,MENIT,15000.00
151,"Fr Winker Assy , Ganti",LR,,20,MENIT,15000.00
152,"Spidometer Lens , Ganti",LR,,20,MENIT,15000.00
153,"Horn Comp , Ganti",LR,,5,MENIT,10000.00
154,"Lampu Depan Matic , Ganti",LR,,10,MENIT,12000.00
155,ganti Battery,LR,,10,MENIT,7000.00
156,Ganti Lampu belakang,LR,,10,MENIT,5000.00
157,Cable Speedometer  Ganti,LR,,15,MENIT,25000.00
158,Cable Gas Cub Ganti,LR,,15,MENIT,25000.00
159,"Cable Gas Sport , Ganti",LR,,15,MENIT,25000.00
160,Cable Rem belaknga Cub Ganti,LR,,15,MENIT,45000.00
161,Cable Rem depan Matic Ganti,LR,,1,JAM,35000.00
162,"Cable Tachometer , Ganti",LR,,15,MENIT,12000.00
163,"Cable Choke , Ganti",LR,,15,MENIT,10000.00
164,stel rim depan,LR,,30,MENIT,20000.00
165,stel rim belakang,LR,,30,MENIT,20000.00
166,Ganti tire RR,LR,,10,MENIT,20000.00
167,Ganti tire RR Matic,LR,,20,MENIT,20000.00
168,Ganti Tire FR,LR,,10,MENIT,20000.00
169,"Bos Gear , Ganti",LR,,30,MENIT,25000.00
170,"Brake Fluid , Ganti",LR,,25,MENIT,25000.00
171,"Cluht Matic ,Ganti",LR,,1,JAM,55000.00
172,"Cussion Assy , Ganti",LR,,45,MENIT,30000.00
173,"Damper Set , Ganti",LR,,10,MENIT,15000.00
174,"Drive Chain , Ganti",LR,,25,MENIT,12000.00
175,"Drive Chain Kit , Ganti",LR,,25,MENIT,40000.00
176,"Face/Boss Comp Moveable , Ganti",LR,,15,MENIT,35000.00
177,"Box/Gear Speedometer , Ganti",LR,,10,MENIT,10000.00
178,"Hanfat , Ganti",LR,,10,MENIT,12000.00
179,"Hub Whell , Ganti",LR,,90,MENIT,8000.00
180,GANTI KAMPAS REM BELAKANG MATIC,LR,,20,MENIT,20000.00
181,"Brake Shoe Matic , Ganti",LR,,30,MENIT,17000.00
182,"BEARING 6902 KOPLING,GANTI",LR,,40,MENIT,45000.00
183,"Bearing Roda Belakang , Ganti",LR,,30,MENIT,17000.00
184,"Bearing Roda Depan , Ganti",LR,,20,MENIT,15000.00
185,GANTI MASTER REM KIRI,LR,,1,JAM,35000.00
186,"Muffler , Ganti",LR,,15,MENIT,20000.00
187,Pad Set FR Ganti,LR,,30,MENIT,20000.00
188,GANTI/GEMUK Race Steering PCX/ADV/V160,LR,,1,JAM,135000.00
189,"Hub Whell , Ganti",LR,,1,JAM,25000.00
190,"Rim / Cast Whell , Ganti",LR,,1,JAM,12000.00
191,"Seal Shock Depan , Ganti",LR,,45,MENIT,30000.00
192,"Sproket Driven , Ganti",LR,,15,MENIT,20000.00
193,"Stang Kemudi , Ganti",LR,,20,MENIT,40000.00
194,"Swing Arm , Ganti",LR,,1,JAM,25000.00
195,"Belt Drive , Ganti",LR,,45,MENIT,35000.00
196,PAKET SUPER MATIC/PEMBERSIHAN CVT,LR,,20,MENIT,35000.00
197,Senter T,LR,,1,HARI,150000.00
198,Stel Kones,LR,,20,MENIT,25000.00
199,"Spring Fork Depan , Ganti",LR,,25,MENIT,30000.00
200,"Adjuster Chain , Ganti",LR,,5,MENIT,3000.00
201,"Disk Brake , Ganti",LR,,10,MENIT,25000.00
202,"Pedal Brake , Ganti",LR,,15,MENIT,10000.00
203,"Pedal Tranmisi , Ganti",LR,,5,MENIT,3000.00
204,Ganti Sping Brake,LR,,20,MENIT,10000.00
205,Ganti Stand Main,LR,,30,MENIT,10000.00
206,Ganti BarSide Stand,LR,,15,MENIT,15000.00
207,Ganti Bar comp Step,LR,,15,MENIT,5000.00
208,Ganti Ban Dalam DEPAN,LR,,10,MENIT,20000.00
209,Ganti Pad Set RR,LR,,20,MENIT,20000.00
210,GANTI KAMPAS REM DEPAN MATIC,LR,,20,MENIT,25000.00
211,GANTI CUSSION RR MATIC,LR,,20,MENIT,15000.00
212,Ganti Cover Fr,LR,,10,MENIT,15000.00
213,ganti cover rr,LR,,10,MENIT,10000.00
214,Ganti Cover Fr Matic,LR,,25,MENIT,30000.00
215,Ganti fender Depan,LR,,15,MENIT,15000.00
216,Ganti fender belakang,LR,,15,MENIT,35000.00
217,Ganti cover lower matic,LR,,15,MENIT,25000.00
218,ganti cover inner matic,LR,,15,MENIT,30000.00
219,ganti cover body,LR,,20,MENIT,30000.00
220,"Step Set Floor , Ganti",LR,,15,MENIT,35000.00
221,Ganti Box Vario,LR,,15,MENIT,10000.00
22133,THERMOSTAT ASSY,LR,,60,HARI,185000.00
222,Ganti Kulit Sadel,LR,,30,MENIT,15000.00
223,GANTI CABLE GAS MATIC,LR,,30,MENIT,25000.00
224,GANTI SEAL MAGNET CUB,LR,,15,MENIT,20000.00
225,PINION ASSY STATER,LR,,45,MENIT,50000.00
226,PASANG BLOK MATIC,LR,,30,MENIT,30000.00
227,GANTI BOTEM,LR,,1,JAM,50000.00
228,PASANG TUTUP SEPITI VARIO,LR,,30,MENIT,30000.00
229,GANTI KLEP,LR,,127,MENIT,150000.00
230,SOK BAUT,LR,,1,JAM,50000.00
231,CEK INJECTION/RESET,LR,,10,MENIT,15000.00
232,JASA,LR,,1,HARI,100000.00
233,LAS TANGKI MINYAK,LR,,30,MENIT,40000.00
234,LAS,LR,,15,MENIT,30000.00
23456,GANTI AS SHOCK CB 150,LR,,30,MENIT,100000.00
235,BERSIHKAN KALIPER REM CAKRAM,LR,,30,MENIT,20000.00
236,BATOK BELAKANG,LR,,15,MENIT,10000.00
237,JASA,LR,,30,MENIT,50000.00
238,LAS VELEG,LR,,100,MENIT,110000.00
239,LAMPU SPEEDO,LR,,10,MENIT,5000.00
240,SEAL MAGNET CUB,LR,,25,MENIT,15000.00
241,GANTI SPRING CLUTCH,LR,,30,MENIT,55000.00
242,COVER ASSY MATIC,LR,,15,MENIT,25000.00
243,GANTI KAMPAS REM TROMOL,LR,,20,MENIT,20000.00
244,GANTI KAMPAS REM CAKRAM,LR,,20,MENIT,25000.00
245,PEMBERSIHAN SETELAN KAMRAT,LR,,10,MENIT,25000.00
246,SEAL DRIVEN FACE,LR,,30,MENIT,55000.00
247,SOCKET LAMPU DEPAN,LR,,15,MENIT,15000.00
248,SENAI,LR,,1,JAM,30000.00
249,SWITCH STATER,LR,,10,MENIT,15000.00
250,BOX,LR,,15,MENIT,10000.00
251,PEMBERSIHAN KARBURATOR,LR,,15,MENIT,35000.00
252,"GANTI BEARING 6204,atau 6022",LR,,35,MENIT,35000.00
254,"LAMPU SEIN, GANTI",LR,,10,MENIT,5000.00
255,SETTING KLEP,LR,,1,JAM,70000.00
256,GANTI BLOK KLEP,LR,,35,MENIT,35000.00
257,PASANG KARET KOPLING,LR,,25,MENIT,15000.00
258,PASANG STANG SEHER,LR,,35,MENIT,65000.00
259,GANTI AS DONGKRAK DOBLLE,LR,,30,MENIT,25000.00
260,"RELAY COMP WINKER,GANTI",LR,,15,MENIT,15000.00
261,PASANG VACUUM,LR,,30,MENIT,20000.00
262,GULUNG SETELAN KAMRAT,LR,,30,MENIT,50000.00
263,SPUL MATIC,LR,,1,JAM,60000.00
264,SWITCH HORN,LR,,15,MENIT,5000.00
265,RELAY COMP STATER,LR,,15,MENIT,20000.00
266,HONDA CARE,LR,,1,JAM,0.00
267,PEMBERSIHAN MASTER REM,LR,,25,MENIT,35000.00
268,BERSIHIN KUL STATER,LR,,20,MENIT,15000.00
269,BYSTARTER ASSY,LR,,30,MENIT,30000.00
270,PRES PELEX,LR,,1,HARI,160000.00
271,PEMBERSIHAN KOPLING+CVT,LR,,20,MENIT,45000.00
272,KELISTRIKAN,LR,,20,MENIT,30000.00
273,POTONG RANTAI,LR,,10,MENIT,20000.00
274,wingker assy L FR,LR,,15,MENIT,15000.00
275,PERBAIKAN SWITCH,LR,,15,MENIT,15000.00
276,PERBAIKAN POMPA BENSIN INJECTION,LR,,25,MENIT,40000.00
277,LAMPU KOTA,LR,,15,MENIT,5000.00
278,ganti lever handle kiri,LR,,10,MENIT,10000.00
279,PERBAIKAN PLAMPUNG BENSIN,LR,,15,MENIT,20000.00
280,pasang stut kamrat,LR,,15,MENIT,30000.00
281,switch unit dimer,LR,,15,MENIT,10000.00
283,pres stang seher,LR,,1,HARI,250000.00
284,PERBAIKAN KUNCI SADEL,LR,,15,MENIT,15000.00
285,ganti saft drive,LR,,40,MENIT,50000.00
286,STEP FLOOR SCOPY,LR,,30,MENIT,50000.00
287,PEMBERSIHAN ELEKTRIK,LR,,1,JAM,50000.00
288,GANTI SELANG BENSIN,LR,,15,MENIT,15000.00
289,BEARING CVT,LR,,30,MENIT,35000.00
290,STATOR COM,LR,,1,JAM,50000.00
291,PERBAIKAN RADIATOR,LR,,20,MENIT,20000.00
292,WINKER FR R,LR,,15,MENIT,15000.00
293,PEMBERSIHAN KABEL GAS,LR,,20,MENIT,35000.00
294,PAK CVT,LR,,20,MENIT,15000.00
295,LINK ASSY,LR,,1,JAM,75000.00
296,GANTI KAMPAS REM SPORT,LR,,20,MENIT,25000.00
297,PASANG KNALPOT,LR,,20,MENIT,30000.00
298,BERSIHIN KARBURATOR,LR,,20,MENIT,35000.00
299,Skuur Klep Cub,LR,,10,MENIT,15000.00
300,Skuur Klep Matic,LR,,15,MENIT,15000.00
301,Skuur Klep Sport,LR,,15,MENIT,15000.00
302,GANTI SEAL MAHNIT SUPRA,LR,,20,MENIT,50000.00
303,PASANG LAHER NOKEN AS,LR,,1,JAM,125000.00
304,PASANG LAHER SEPITI MATIC,LR,,20,MENIT,17000.00
305,GANTI BATOK DEPAN,LR,,20,MENIT,30000.00
306,GANTI LAMPU SEIN VARIO,LR,,15,MENIT,10000.00
307,COVER uNDER,LR,,20,MENIT,50000.00
308,GANTI LAMPU STOP VARIO,LR,,35,MENIT,25000.00
309,SOK DRAT BUSI,LR,,120,MENIT,80000.00
310,SKUR KLEP VARIO,LR,,120,MENIT,100000.00
311,SENAI BAUT OLI,LR,,35,MENIT,25000.00
312,Jasa Servis Kabel,LR,,15,MENIT,20000.00
313,Jasa Setel Peleng,LR,,1,JAM,30000.00
314,JASA,LR,,15,MENIT,20000.00
315,Jasa Pasang Kolboster,LR,,45,MENIT,15000.00
316,Ganti Shockbeker,LR,,30,MENIT,15000.00
317,SEAT LOCK GANTI,LR,,30,MENIT,10000.00
318,"GANTI LEVER , R HANDLE",LR,,10,MENIT,10000.00
319,CABUT BAUT,LR,,30,MENIT,55000.00
320,Kuras Tangki Minyak,LR,,20,MENIT,30000.00
321,Ganti Oli shockbreker Depan,LR,,20,MENIT,40000.00
322,JASA,LR,,15,MENIT,20000.00
323,JASA,LR,,20,MENIT,5000.00
324,JASA,LR,,20,MENIT,10000.00
325,JASA,LR,,25,MENIT,25000.00
326,JASA,LR,,25,MENIT,30000.00
327,GANTI KABEL GAS CUB,LR,,15,MENIT,10000.00
328,GANTI BAN DALAM BLK,LR,,10,MENIT,20000.00
329,GANTI KABEL KOPLING SPORT,LR,,20,MENIT,20000.00
330,SENTER BODY,LR,,1,HARI,200000.00
331,JASA,LR,,1,HARI,200000.00
332,KOLTER,LR,,1,HARI,60000.00
333,GANTI KABEL GAS MATIC,LR,,20,MENIT,25000.00
334,STEL PELENG,LR,,30,MENIT,15000.00
335,SERVICE STARTER TANGAN,LR,,45,MENIT,40000.00
336,SERVICE KUNCI,LR,,20,MENIT,30000.00
337,PERBAIKAN KABEL LISTRIK,LR,,30,MENIT,20000.00
338,PASANG SPUL CUB,LR,,1,JAM,50000.00
339,GANTI SWITCH REM,LR,,15,MENIT,10000.00
340,GANTI GRIP HANDLE,LR,,15,MENIT,10000.00
341,GANTI KIPROK,LR,,10,MENIT,15000.00
342,LAS KNALPOT,LR,,30,MENIT,25000.00
343,GANTI KABEL REM CUB,LR,,15,MENIT,35000.00
344,GANTI PLAMPUNG MINYAK,LR,,10,MENIT,25000.00
345,PERBAIKAN OTOMATIS LAMPU RETING,LR,,15,MENIT,15000.00
346,"LIGHT ASSY,REAR COMB",LR,,15,MENIT,20000.00
347,GANTI PAK KNALPOT VARIO,LR,,10,MENIT,5000.00
348,PERBAIKI LAMPU DEPAN VARIO,LR,,15,MENIT,10000.00
349,JOB RETURN,LR,,15,MENIT,0.00
350,GANTI SEAL MAGNET VARIO,LR,,30,MENIT,50000.00
351,FENDER BELAKANG MATIC,LR,,15,MENIT,30000.00
352,"GANTI, BRUSH SET TERMINAL",LR,,10,MENIT,25000.00
353,JASA,LR,,120,MENIT,150000.00
354,SETEL RANTAI,LR,,10,MENIT,5000.00
355,PASANG STRIP,LR,,25,MENIT,15000.00
356,SOK BAUT TAP OLI,LR,,120,MENIT,50000.00
357,prbaikan stater kaki,LR,,15,MENIT,15000.00
358,KURAS RADIATOR,LR,,10,MENIT,15000.00
359,GANJEL BATOK,LR,,15,MENIT,30000.00
360,JASA GANJEL BODI,LR,,20,MENIT,20000.00
400,"Cable Speedometer , Ganti",LR,,15,MENIT,15000.00
401,Cable Gas Cub  Ganti,LR,,15,MENIT,25000.00
402,"Cable Gas Sport , Ganti",LR,,15,MENIT,25000.00
403,Cable Rem Depab Cub  Ganti,LR,,15,MENIT,30000.00
404,Cable Rem RR Matic  Ganti,LR,,1,JAM,55000.00
405,"Cable Tachometer , Ganti",LR,,15,MENIT,12000.00
406,"Cable Choke , Ganti",LR,,15,MENIT,9000.00
408,stel rim depan,LR,,30,MENIT,20000.00
409,stel rim belakang,LR,,30,MENIT,20000.00
442,service dongkrak,LR,,15,MENIT,15000.00
44444,GANTI STANG SEHER,LR,,30,MENIT,75000.00
45225,GANTI LAHER KRU AS,LR,,30,MENIT,150000.00
458776,GANJEL TP,LR,,20,MENIT,15000.00
500,ganti Tire RR,LR,,10,MENIT,20000.00
501,ganti Tire RR Matic,LR,,20,MENIT,20000.00
502,ganti Tire FR,LR,,15,MENIT,20000.00
503,"Bos Gear , Ganti",LR,,30,MENIT,25000.00
504,"Brake Fluid , Ganti",LR,,25,MENIT,25000.00
505,"Cluht Matic ,Ganti",LR,,1,JAM,55000.00
506,"Cussion Assy , Ganti",LR,,45,MENIT,25000.00
507,"Damper Set , Ganti",LR,,10,MENIT,10000.00
508,"Drive Chain , Ganti",LR,,25,MENIT,15000.00
509,"Drive Chain Kit , Ganti",LR,,25,MENIT,40000.00
510,"Face/Boss Comp Moveable , Ganti",LR,,15,MENIT,35000.00
511,"Box/Gear Speedometer , Ganti",LR,,10,MENIT,8000.00
512,"Hanfat , Ganti",LR,,10,MENIT,5000.00
513,"Hub Whell , Ganti",LR,,90,MENIT,8000.00
514,Ganti Kampas Rem Belakang,LR,,20,MENIT,20000.00
515,"Brake Shoe Matic , Ganti",LR,,30,MENIT,18000.00
516,"Bearing 6902 , Ganti",LR,,40,MENIT,35000.00
517,"Bearing Roda Belakang , Ganti",LR,,30,MENIT,17000.00
518,Bearing Roda Depan  Ganti,LR,,20,MENIT,25000.00
519,GANTI MASTER REM KANAN,LR,,45,MENIT,35000.00
520,"Muffler , Ganti",LR,,15,MENIT,20000.00
521,Pad Set Ganti,LR,,30,MENIT,20000.00
522,Race Steering Ganti/GEMUK,LR,,1,JAM,85000.00
523,"Hub Whell , Ganti",LR,,1,JAM,25000.00
524,"Rim / Cast Whell , Ganti",LR,,1,JAM,12000.00
52444,TIRE  PCX adv vario160,LR,,30,MENIT,30000.00
525,"Seal Shock Depan , Ganti",LR,,45,MENIT,20000.00
526,"Sproket Driven , Ganti",LR,,15,MENIT,20000.00
527,"Stang Kemudi , Ganti",LR,,20,MENIT,40000.00
528,"Swing Arm , Ganti",LR,,1,JAM,20000.00
529,"Belt Drive , Ganti",LR,,45,MENIT,35000.00
531,Senter T,LR,,1,HARI,175000.00
532,Stel Kones PCX/ADV/vario160,LR,,30,MENIT,40000.00
533,"Spring Fork Depan , Ganti",LR,,25,MENIT,8000.00
534,"Adjuster Chain , Ganti",LR,,5,MENIT,3000.00
535,"Disk Brake , Ganti",LR,,10,MENIT,15000.00
536,"Pedal Brake , Ganti",LR,,15,MENIT,8000.00
537,"Pedal Tranmisi , Ganti",LR,,5,MENIT,3000.00
538,Ganti Sping Brake,LR,,20,MENIT,10000.00
539,Ganti Stand Main,LR,,30,MENIT,10000.00
540,Ganti BarSide Stand,LR,,15,MENIT,8000.00
541,Ganti Bar comp Step,LR,,15,MENIT,5000.00
542,Ganti Ban Dalam,LR,,10,MENIT,8000.00
543,Ganti Pad Set RR,LR,,20,MENIT,20000.00
544,Ganti Kampas Rem Depan,LR,,20,MENIT,25000.00
545,GANTI CUSSION ASSY MATIC,LR,,20,MENIT,15000.00
55555,PASANG KRAN BENSIN,LR,,45,HARI,35000.00
55666,injector assy fuel,LS,,20,MENIT,35000.00
599,ROLLER GANTI,LR,,30,MENIT,42000.00
600,Ganti Cover Fr,LR,,10,MENIT,15000.00
601,ganti cover rr,LR,,10,MENIT,8000.00
602,Ganti Cover Fr Matic,LR,,25,MENIT,20000.00
603,Ganti fender Depan,LR,,15,MENIT,10000.00
604,Ganti fender belakang,LR,,15,MENIT,45000.00
605,Ganti cover lower matic,LR,,15,MENIT,15000.00
606,ganti cover inner matic,LR,,15,MENIT,50000.00
607,ganti cover body,LR,,20,MENIT,12000.00
608,"Step Set Floor , Ganti",LR,,15,MENIT,35000.00
609,Ganti Box Vario,LR,,15,MENIT,10000.00
708,Ganti Kulit Sadel,LR,,30,MENIT,15000.00
88888,SENTER STANG STIR,LR,,45,MENIT,30000.00
A0023,KOLTER BLOK,LR,,1,JAM,200000.00
A3652,COR KRINGKIS,LR,,1,HARI,165000.00
A45698,GANTI BAN BLKNG PCX/ADV/VARIO160,LR,,20,MENIT,25000.00
AMYES001,Promo Injector Cleaner YES,LR,,15,MENIT,25000.00
AR,KELISTRIKAN,LR,,30,HARI,15000.00
AS,SEAL SHOCK DEPAN GANTI,LR,,45,MENIT,50000.00
ASS1,After Sales Service/ Servis Gratis 1,ASS1,,18,MENIT,18000.00
ASS2,After Sales Service/ Servis Gratis 2,ASS2,,18,MENIT,18000.00
ASS3,After Sales Service/ Servis Gratis 3,ASS3,,18,MENIT,18000.00
ASS4,After Sales Service/ Servis Gratis 4,ASS4,,18,MENIT,18000.00
BBRBS,BERSIHIN TROTTOL BODY,LR,,20,MENIT,20000.00
BENSIN,PREMIUM PCX,OTHER,,10,MENIT,20000.00
BGS,PASANG BAGASI,OTHER,,20,MENIT,10000.00
BLDR,BLEDING REM,LR,,20,MENIT,20000.00
bm,belah mesin,HR,,1,JAM,150000.00
BONKAR OLI,BONGKAR OLI GARDAN,HR,,45,HARI,150000.00
BTPNAT016,BTPN MATIC OLI MESIN SPX08L,LR,,15,MENIT,5000.00
BTPNAT017,BTPN MATIC BUSI,LR,,15,MENIT,6000.00
BTPNAT018,BTPN MATIC OLI GARDAN FINAL GEAR,LR,,15,MENIT,14000.00
BTPNAT019,BTPN MATIC ENGINE FLUSH,LR,,15,MENIT,0.00
BTPNAT020,BTPN MATIC RADIATOR COOLANT,LR,,15,MENIT,34000.00
BTPNAT021,BTPN MATIC GANTI KANVAS REM DPN,LR,,20,MENIT,37000.00
BTPNAT022,BTPN MATIC GANTI KANVAS REM BLK,LR,,20,MENIT,37000.00
BTPNAT023,BTPN MATIC SARINGAN UDARA,LR,,15,MENIT,14000.00
BTPNAT024,BTPN MATIC BELT DRIVE KIT,LR,,30,MENIT,68000.00
BTPNAT025,BTPN MATIC MINYAK REM,LR,,15,MENIT,14000.00
BTPNAT026,BTPN MATIC GANTI BATTERE AKI,LR,,15,MENIT,14000.00
BTPNAT027,BTPN MATIC GANTI BAN DEPAN,LR,,20,MENIT,47000.00
BTPNAT028,BTPN MATIC GANTI BAN BELAKANG,LR,,20,MENIT,47000.00
BTPNAT029,BTPN MATIC SARINGAN FUEL PUMP,LR,,20,MENIT,47000.00
BTPNAT030,BTPN MATIC HARGA SERVICE INJECTOR CLEANER,LR,,15,MENIT,36000.00
BTPNMT001,BTPN CUB OLI MESIN SPX08L,LR,,15,MENIT,5000.00
BTPNMT002,BTPN CUB BUSI,LR,,15,MENIT,6000.00
BTPNMT003,BTPN CUB GANTI GEAR SET,LR,,31,MENIT,47000.00
BTPNMT004,BTPN CUB ENGINE FLUSH,LR,,15,MENIT,0.00
BTPNMT005,BTPN CUB GANTI KANVAS REM DPN,LR,,20,MENIT,26000.00
BTPNMT006,BTPN CUB GANTI KANVAS REM BLK CAKRAM,LR,,20,MENIT,29000.00
BTPNMT007,BTPN CUB GANTI KANVAS REM BLK TROMOL,LR,,20,MENIT,29000.00
BTPNMT008,BTPN CUB SARINGAN UDARA,LR,,15,MENIT,13000.00
BTPNMT009,BTPN CUB MINYAK REM,LR,,15,MENIT,8000.00
BTPNMT010,BTPN CUB RANTAI MESIN,LR,,30,MENIT,59000.00
BTPNMT011,BTPN CUB GANTI BATTERE AKI,LR,,15,MENIT,10000.00
BTPNMT012,BTPN CUB GANTI BAN DEPAN,LR,,20,MENIT,32000.00
BTPNMT013,BTPN CUB GANTI BAN BELAKANG,LR,,20,MENIT,35000.00
BTPNMT014,BTPN CUB SARINGAN FUEL PUMP,LR,,20,MENIT,47000.00
BTPNMT015,BTPN CUB HARGA SERVICE INJECTOR CLEANER,LR,,15,MENIT,36000.00
bubut block,bubut block,LR,JSV,1,JAM,87000.00
BUBUT3SOKBAUTKNALPOT,BUBUT 3 SOK BAUT KNALPOT,HR,,2,HARI,105000.00
BUBUT4SOKBAUT,BUBUT 4 SOK BAUT,HR,,2,HARI,130000.00
BUBUT4SOKBAUTTENSIONER,BUBUT 4 SOK BAUT TENSIONER,HR,,2,HARI,130000.00
BUBUTRUMAHDINAMOSTATER,BUBUT RUMAH DINAMO STATER,OTHER,,45,MENIT,20000.00
BUBUTRUMAHKOPLING,BUBUT RUMAH KOPLING,HR,,2,JAM,95000.00
bubutrumahlahercruas,bubut rumah laher cruas,HR,,2,HARI,155000.00
BUBUTSEHER,BUBUT SEHER,HR,,20,JAM,65000.00
BUBUTSHOCKBEKER,BUBUT SHOCK BEKER,LR,,20,MENIT,20000.00
CABUTBAUT,CABUT BAUT KAMPAS,OTHER,,3,JAM,100000.00
CABUTBAUTKOP,CABUAT BAUT KOP,JR,,25,MENIT,30000.00
CAT0000,CAT,OTHER,,23,JAM,500000.00
CATCOVER,CAT COVER DRAND,OTHER,,24,JAM,950000.00
CATSAYAPDPNSCOOPY,CAT SAYAP DPN SCOOPY,HR,,1,JAM,80000.00
CC2,Claim C2,,,10,MENIT,18000.00
CEK,CEK MOTOR,LR,,10,MENIT,0.00
CEKLAMSAM,CEK LAMSAM,LR,,15,MENIT,30000.00
CEKMOTORGOYANG,CEK MOTOR GOYANG,OTHER,,30,MENIT,30000.00
CEKMOTORMATI-MATIAN,CEK MOTOR MATI-MATIAN,OTHER,,20,MENIT,25000.00
CEKMOTORMEREBET,CEK MOTOR MEREBET,LR,,30,MENIT,35000.00
CEKSTATER,CEK STATER,CS,,30,MENIT,15000.00
CENTERBODYBELAKANG,CENTER BODY BELAKANG,HR,,2,HARI,0.00
CENTERBODYDEPAN,CENTER BODY DEPAN,HR,,24,JAM,450000.00
CENTERGARPU,CENTER GARPU,HR,,2,HARI,0.00
CENTERPANGKONLAMPUDEPAN,CENTER PANGKON LAMPU DEPAN,HR,,2,HARI,50000.00
CENTERT,CENTER T,HR,,23,JAM,195000.00
COLBOSTER,JASA PASANG COLBOSTER,LR,,15,MENIT,0.00
COLTERBLOCK,COLTER BLOCK,HR,,6,JAM,100000.00
cp,cor pelek,HR,,1,HARI,335000.00
CRNK,CRANKCASE,HR,,1,HARI,200000.00
CVT ADV,CVT ADV,LR,,20,MENIT,72000.00
CVT PCX,CVT PCX,LR,,20,MENIT,37000.00
DRATBAUTKOP,DRAT BAUT KOP,HR,,2,JAM,70000.00
DY1X10010,PAKET SERVIS LENGKAP,LS,,1,JAM,0.00
ecu,control unit,LR,,30,MENIT,50000.00
engine mounting,engine mounting,LR,,1,HARI,300000.00
flw,perbaikan flywheel,LR,,30,MENIT,35000.00
FP,FUEL PUMP,LS,,30,MENIT,50000.00
FPP,FUEL PUMP PCX,LS,,45,MENIT,85000.00
GANJALLAHER,GANJAL LAHER,OTHER,,45,MENIT,15000.00
GANTI,GANTI PITINGAN LAMPU,OTHER,,5,MENIT,10000.00
ganti remote baru,ganti remote baru,LR,,15,MENIT,20000.00
GANTIBANLUARBELAKANGPCX,GANTI BAN LUAR BELAKANG PCX,LR,,30,MENIT,60000.00
GANTIBOS,GANTI BOS KLEP,OTHER,,15,MENIT,40000.00
GANTIBOSS,GANTI BOS DRIVE,OTHER,,5,MENIT,3000.00
GANTIKABELBODY,GANTI KABEL BODY,LR,,30,MENIT,75000.00
GANTIKACARETING,GANTI KACA RETING,OTHER,,30,MENIT,30000.00
GANTIKARETKOPLINGMANUAL,KARET KOPLING MANUAL,OTHER,,2,JAM,75000.00
GANTILAHERDRIVESHAFT,GANTI LAHER DRIVE SHAFT,LR,,30,MENIT,30000.00
GANTILAHERNOKENAS,GANTI LAHER NOKEN AS,HR,,2,JAM,50000.00
GANTIO-RINGTUTUPSHOCKDEPAN,GANTI O-RING TUTUP SHOCK DEPAN,LR,,40,MENIT,20000.00
GANTIPOMPARADIATOR,GANTI POMPA RADIATOR,LS,,30,MENIT,50000.00
GANTIRCM,GANTI RCM,HR,,45,MENIT,50000.00
GANTIRUJIJARIJARI,GANTI RUJI/JARI JARI,OTHER,,20,MENIT,20000.00
GANTISHOCKLAHER,GANTI SHOCK LAHER,LR,,45,MENIT,150000.00
GANTIVELGPCX,GANTI VELG PCX,LR,,30,MENIT,50000.00
GANTIWATERPUMP,GANTI WATER PUMP,OTHER,,45,MENIT,80000.00
GASKET,GANTI GASKET HEAD COVER,LR,,5,MENIT,20000.00
GULUNGSPULL,GULUNG SPULL,LR,,30,MENIT,70000.00
hbb,ganti cable rem belakang pcx,LR,,1,JAM,115000.00
hcd,ganti cable rem depan pcx,LR,,1,JAM,75000.00
HLO00001,Hello AHASS I Ban,LR,,42,MENIT,15000.00
HLO00002,Hello AHASS II Battery,LR,,12,MENIT,0.00
HLO00003,Hello AHASS III Busi,LR,,12,MENIT,0.00
HLO00004,Hello AHASS IV Brake,LR,,6,MENIT,15000.00
HUT54PSL1,HUT 54 ASTRA MOTOR CUB HARGA SERVICE/TUNE UP,CS,,45,MENIT,54000.00
HUT54PSL2,HUT 54 ASTRA MOTOR MATIC HARGA SERVICE/TUNE UP,CS,,45,MENIT,54000.00
HUT54PSL3,HUT 54 ASTRA MOTOR SPORT HARGA SERVICE/TUNE UP,CS,,45,MENIT,54000.00
HUTHSO53,Jasa Service Lengkap HUT HSO 53,CS,,45,MENIT,53000.00
IDL,PERBAIKAN IDLING,LR,,30,MENIT,25000.00
INJ170822,Paket Pembersihan Injeksi,LR,,30,MENIT,25000.00
inject,paket injector pcx,LS,,35,MENIT,35000.00
JASAPASANGMEMBRAN,JASA PASANG MEMBRAN,LR,,20,MENIT,30000.00
JASAPASANGPART,JASA PASANG PART,LR,,40,MENIT,40000.00
jbk,jasa bubut kop,HR,,2,JAM,165000.00
JP,JASA PASANG JARUM PLAMPUNG,OR+,,30,MENIT,25000.00
JPSS,"SIL SHOKBEKER,GANTI",LR,,15,MENIT,20000.00
JR,Job Return,JR,,10,MENIT,0.00
JS,JASA SERVIS RADIATOR,HR,,30,MENIT,45000.00
JS0000,GANTI HANDEL PCX,LR,,15,MENIT,15000.00
JS00000212,GANTUNGAN,OTHER,,5,MENIT,5000.00
JS00001,KPB1 / SERVIS GRATIS 1 CUB,ASS1,,18,MENIT,18000.00
JS00002,KPB2 / SERVIS GRATIS 2 CUB,ASS2,,18,MENIT,18000.00
JS00003,KPB3 / SERVIS GRATIS 3 CUB,ASS3,,18,MENIT,18000.00
JS00004,KPB4 / SERVIS GRATIS 4 CUB,ASS4,,18,MENIT,18000.00
JS00005,KPB1 / SERVIS GRATIS 1 MATIC,ASS1,,18,MENIT,18000.00
JS00006,KPB2 / SERVIS GRATIS 2 MATIC,ASS2,,18,MENIT,18000.00
JS00007,KPB3 / SERVIS GRATIS 3 MATIC,ASS3,,18,MENIT,18000.00
JS00008,KPB4 / SERVIS GRATIS 4 MATIC,ASS4,,18,MENIT,18000.00
JS00009,KPB1 / SERVIS GRATIS 1 SPORT,ASS1,,18,MENIT,18000.00
JS0001,GANTI THROTTLE BODY ASSY,OTHER,,45,MENIT,50000.00
JS00010,KPB2 / SERVIS GRATIS 2 SPORT,ASS2,,18,MENIT,20000.00
JS00011,KPB3 / SERVIS GRATIS 3 SPORT,ASS3,,18,MENIT,20000.00
JS000112,PIJAKAN KAKI KANAN,OTHER,,5,MENIT,10000.00
JS00012,KPB4 / SERVIS GRATIS 4 SPORT,ASS4,,18,MENIT,20000.00
JS000121,GANTI STUT KAMBRAT,OTHER,,30,MENIT,35000.00
JS000122,PASANG BAUT,OTHER,,5,MENIT,5000.00
JS00013,KPB1 / SERVIS GRATIS 1 CBU,ASS1,,18,MENIT,18000.00
JS00014,KPB2 / SERVIS GRATIS 2 CBU,ASS2,,18,MENIT,20000.00
JS00015,KPB3 / SERVIS GRATIS 3 CBU,ASS3,,18,MENIT,20000.00
JS00016,KPB4 / SERVIS GRATIS 4 CBU,ASS4,,18,MENIT,20000.00
JS00017,PAKET SERVICE LENGKAP CUB,CS,,45,MENIT,70000.00
JS00018,PAKET SERVICE LENGKAP MATIC,CS,,45,MENIT,70000.00
JS00019,PAKET SERVICE LENGKAP SPORT,CS,,45,MENIT,100000.00
JS00020,PAKET SERVICE LENGKAP CBU,CS,,45,MENIT,90000.00
JS00023,PASANG STRIPE DEPAN,OTHER,,15,MENIT,30000.00
JS00025,GANTI OLI PLUS,OR+,,10,MENIT,4000.00
JS000251,GANTI BATERAI REMOTE,OTHER,,10,MENIT,5000.00
JS00026,JOB RETURN,JR,,10,MENIT,0.00
JS00027,CLAIM C2,,,1,JAM,18000.00
JS00028,BELAH MESIN / OVERHAUL CUB,HR,,24,JAM,300000.00
JS00029,BELAH MESIN / OVERHAUL MATIC,HR,,48,MENIT,320000.00
JS0003,GANTI SEAL MECHANICAL,OTHER,,45,MENIT,60000.00
JS00030,BELAH MESIN / OVERHAUL SPORT,HR,,4,HARI,300000.00
JS00031,BELAH MESIN / OVERHAUL CBU,HR,,4,HARI,300000.00
JS00032,BELAH MESIN / OVERHAUL CS-1,HR,,4,HARI,320000.00
JS000329,GANTI OLI GARDAN,OR+,,5,MENIT,4000.00
JS00033,BELAH MESIN KANAN CUB,LR,,1,JAM,40000.00
JS00034,BELAH MESIN KANAN MATIC,LR,,1,JAM,50000.00
JS00035,BELAH MESIN KANAN SPORT,LR,,1,JAM,50000.00
JS00036,BELAH MESIN KANAN CBU,LR,,1,JAM,50000.00
JS00037,BELAH MESIN KANAN CS-1,LR,,1,JAM,45000.00
JS00038,BELAH MESIN KIRI CUB,LR,,1,JAM,30000.00
JS00039,BELAH MESIN KIRI MATIC,LR,,1,JAM,40000.00
JS00040,BELAH MESIN KIRI SPORT,LR,,1,JAM,40000.00
JS00041,BELAH MESIN KIRI CBU,LR,,1,JAM,40000.00
JS00042,BELAH MESIN KIRI CS-1,LR,,1,JAM,35000.00
JS00043,SKIR KLEP / TOP OVERHAUL CUB,LR,,1,HARI,150000.00
JS00044,SKIR KLEP / TOP OVERHAUL MATIC,LR,,1,HARI,250000.00
JS00045,SKIR KLEP / TOP OVERHAUL SPORT,LR,,1,HARI,200000.00
JS00046,SKIR KLEP / TOP OVERHAUL CBU,LR,,1,HARI,200000.00
JS000464,BONGKAR GARDAN,HR,,15,MENIT,35000.00
JS00047,SKIR KLEP / TOP OVERHAUL TIGER,LR,,1,HARI,200000.00
JS00048,SKIR KLEP / TOP OVERHAUL CS-1,LR,,1,HARI,190000.00
JS00049,BUBUT BAUT KALIPER,LR,,3,JAM,35000.00
JS00050,CEK KAMRAT,LR,,30,MENIT,20000.00
JS00051,CEK KLISTRIKAN,LR,,30,MENIT,25000.00
JS00052,CEK MESIN KASAR,LR,,30,MENIT,20000.00
JS000521,PEMBERSIHAN SAKLAR DIMMER,OTHER,,20,MENIT,30000.00
JS000523,GANTI STANG,LR,,23,JAM,80000.00
JS00053,CEK OLI REMBES,LR,,30,MENIT,10000.00
JS00054,CENTER BODY,HR,,4,HARI,750000.00
JS00055,DRAT TAP OIL,LR,,1,HARI,60000.00
JS00056,GANTI BRUSH TERMINAL START CUB,LR,,30,MENIT,35000.00
JS00057,GANTI BRUSH TERMINAL START MATIC,LR,,30,MENIT,40000.00
JS00058,GANTI BRUSH TERMINAL START SPORT,LR,,30,MENIT,45000.00
JS00059,GANTI CYLINDER SET MASTER REM BELAKANG,LR,,30,MENIT,55000.00
JS00060,GANTI CYLINDER SET MASTER REM DEPAN,LR,,30,MENIT,35000.00
JS00061,GANTI INJECTOR,LR,,30,MENIT,35000.00
JS00062,GANTI V-BELT  PLUS  BEARING CVT,LR,,30,MENIT,55000.00
JS00063,GANTI V-BELT  PLUS  GANTI BERING PULLEY,LR,,30,MENIT,60000.00
JS00064,GANTI V-BELT  PLUS  WEIGHT SET,LR,,30,MENIT,60000.00
JS00065,GANTI V-BELT MATIC,LR,,30,MENIT,50000.00
JS00066,GANTI WEIGHT CLUTCH MATIC,LR,,30,MENIT,55000.00
JS00067,GANTI BAUT RODA BELAKANG,LR,,30,MENIT,15000.00
JS00068,GANTI BEARING PULLEY MATIC,LR,,30,MENIT,55000.00
JS00069,GANTI BURSTEP CUB,LR,,30,MENIT,15000.00
JS00070,GANTI CABLE BODY CUB,LR,,30,MENIT,35000.00
JS00071,GANTI CABLE BODY MATIC,LR,,30,MENIT,45000.00
JS00072,GANTI CABLE BODY SPORT,LR,,30,MENIT,50000.00
JS00073,GANTI CABLE GAS SPORT,LR,,30,MENIT,17000.00
JS00074,GANTI DINAMO START,LR,,30,MENIT,20000.00
JS00075,GANTI FUEL PUMP,LR,,30,MENIT,50000.00
JS00076,GANTI KALIPER FR,LR,,30,MENIT,30000.00
JS00077,GANTI KEY SET CUB,LR,,30,MENIT,45000.00
JS00078,GANTI KEY SET MATIC,LR,,30,MENIT,45000.00
JS00079,GANTI KEY SET SPORT,LR,,30,MENIT,50000.00
JS00080,GANTI LIFTER ASSY TENSIONER,LR,,30,MENIT,30000.00
JS00081,GANTI MAIN STAND,LR,,30,MENIT,25000.00
JS00082,GANTI PGM-FI,LR,,30,MENIT,80000.00
JS00083,GANTI RITTING,LR,,10,MENIT,10000.00
JS00084,GANTI SLANG RADIATOR,LR,,30,MENIT,40000.00
JS00085,GANTI SOCKET LAMPU DEPAN MATIC,LR,,30,MENIT,18000.00
JS00086,GANTI STANG STIR,LR,,30,MENIT,25000.00
JS00087,GANTI SWITCH REM BELAKANG,LR,,30,MENIT,15000.00
JS000874,SERVIS KUNCI SADEL PCX,LR,,30,MENIT,35000.00
JS00088,GANTI SWITCH REM DEPAN,LR,,30,MENIT,20000.00
JS00089,GANTI SWING ARM,LR,,30,MENIT,60000.00
JS00090,GANTI ADJUSTER CHAIN,LR,,10,MENIT,10000.00
JS00092,GANTI ALTERNATOR,LR,,30,MENIT,30000.00
JS00093,GANTI AS RODA DEPAN,LR,,10,MENIT,20000.00
JS00094,GANTI BAN LUAR BELAKANG CUB,LR,,30,MENIT,18000.00
JS00095,GANTI BAN DALAM BELAKANG CUB,LR,,30,MENIT,18000.00
JS00096,GANTI KAMPAS REM TROMOL BELAKANG CUB,LR,,30,MENIT,25000.00
JS00097,GANTI KAMPAS REM TROMOL DEPAN CUB,LR,,30,MENIT,15000.00
JS00098,GANTI BAN LUAR BELAKANG MATIC,LR,,30,MENIT,35000.00
JS00099,GANTI BAN DALAM BELAKANG MATIC,LR,,30,MENIT,25000.00
JS001,SERVIS SPIDOMETER,LR,,15,MENIT,35000.00
JS00100,GANTI KAMPAS REM TROMOL BELAKANG MATIC,LR,,30,MENIT,25000.00
JS00101,GANTI KAMPAS REM TROMOL DEPAN MATIC,LR,,30,MENIT,15000.00
JS00102,GANTI BAN LUAR BELAKANG SPORT,LR,,30,MENIT,25000.00
JS00103,GANTI BAN DALAM BELAKANG SPORT,LR,,30,MENIT,25000.00
JS00104,GANTI KAMPAS REM TROMOL BELAKANG SPORT,LR,,30,MENIT,27000.00
JS00105,GANTI KAMPAS REM TROMOL DEPAN SPORT,LR,,30,MENIT,27000.00
JS00106,GANTI BAN LUAR DEPAN CUB,LR,,30,MENIT,15000.00
JS00107,GANTI BAN DALAM DEPAN CUB,LR,,30,MENIT,15000.00
JS00108,GANTI BAN LUAR DEPAN MATIC,LR,,30,MENIT,18000.00
JS00109,GANTI BAN DALAM DEPAN MATIC,LR,,30,MENIT,18000.00
JS0011,GANTI PIECE SLIDE PCX,LR,,15,MENIT,20000.00
JS00110,GANTI BAN LUAR DEPAN SPORT,LR,,30,MENIT,20000.00
JS00111,GANTI BAN DALAM DEPAN SPORT,LR,,30,MENIT,20000.00
JS00112,GANTI BATTERY,LR,,15,MENIT,10000.00
JS00113,GANTI BAUT GEAR BELAKANG,LR,,30,MENIT,25000.00
JS001130,PIJAKAN KAKI KIRI,OTHER,,5,MENIT,10000.00
JS00114,GANTI BAUT KNALPOT,LR,,30,MENIT,10000.00
JS00115,GANTI BEARING CVT,LR,,30,MENIT,30000.00
JS00116,GANTI BEARING GEAR BELAKANG,LR,,30,MENIT,16000.00
JS00118,GANTI BEARING RODA BELAKANG CUB,LR,,30,MENIT,18000.00
JS00119,GANTI BEARING RODA BELAKANG MATIC,LR,,30,MENIT,18000.00
JS0012,GANTI SENSOR TP,OTHER,,30,MENIT,35000.00
JS00120,GANTI BEARING RODA BELAKANG SPORT,LR,,30,MENIT,20000.00
JS00121,GANTI BEARING RODA DEPAN CUB,LR,,30,MENIT,16000.00
JS00122,GANTI BEARING RODA DEPAN MATIC,LR,,30,MENIT,16000.00
JS00123,GANTI BEARING RODA DEPAN SPORT,LR,,30,MENIT,18000.00
JS00124,GANTI BEARING TRANSMISI MATIC,LR,,30,MENIT,70000.00
JS00125,GANTI BOLA LAMPU BELAKANG,LR,,30,MENIT,5000.00
JS00126,GANTI BOLA LAMPU DEPAN,LR,,30,MENIT,10000.00
JS00127,GANTI BOLA LAMPU RITTING BELAKANG,LR,,30,MENIT,5000.00
JS00128,GANTI BOLA LAMPU RITTING DEPAN,LR,,30,MENIT,10000.00
JS00129,GANTI BOSHING ARM,LR,,30,MENIT,80000.00
JS00130,GANTI BOX BAGASI/LUGGAGE,LR,,30,MENIT,15000.00
JS00131,GANTI BRAKE LOCK,LR,,30,MENIT,15000.00
JS00132,GANTI CABLE CHOKE,LR,,30,MENIT,10000.00
JS00133,GANTI CABLE GAS CUB,LR,,30,MENIT,15000.00
JS00134,GANTI CABLE GAS MATIC,LR,,30,MENIT,25000.00
JS00135,GANTI CABLE HARNES SPEEDOMETER,LR,,30,MENIT,35000.00
JS00136,GANTI CABLE KOPLING,LR,,30,MENIT,10000.00
JS00137,GANTI CABLE REM BELAKANG CAKRAM,LR,,30,MENIT,50000.00
JS00138,GANTI CABLE REM BELAKANG TROMOL,LR,,30,MENIT,15000.00
JS00139,GANTI CABLE REM DEPAN CAKRAM,LR,,30,MENIT,40000.00
JS00140,GANTI CABLE REM DEPAN TROMOL,LR,,30,MENIT,15000.00
JS00141,GANTI CABLE SPEEDOMETER,LR,,30,MENIT,10000.00
JS00142,GANTI CAKRAM DEPAN CUB,LR,,30,MENIT,18000.00
JS00143,GANTI CAKRAM DEPAN MATIC,LR,,30,MENIT,18000.00
JS00144,GANTI CAKRAM DEPAN SPORT,LR,,30,MENIT,20000.00
JS00145,GANTI COVER CUB,LR,,30,MENIT,20000.00
JS00146,GANTI COVER MATIC,LR,,30,MENIT,25000.00
JS00147,GANTI COVER SPORT,LR,,30,MENIT,30000.00
JS00148,GANTI DAMPER/KARET TROMOL,LR,,30,MENIT,15000.00
JS00149,GANTI DISC BRAKE RR,LR,,30,MENIT,30000.00
JS0015,PASANG EMLEM,LR,,15,MENIT,5000.00
JS00150,GANTI DISC BRAKE FR,LR,,30,MENIT,20000.00
JS00151,GANTI FENDER BELAKANG CUB,LR,,30,MENIT,35000.00
JS00152,GANTI FENDER BELAKANG MATIC,LR,,30,MENIT,40000.00
JS00153,GANTI FENDER BELAKANG SPORT,LR,,30,MENIT,45000.00
JS00154,GANTI FUEL UNIT,LR,,30,MENIT,25000.00
JS00155,GANTI FUSE / SKRING,LR,,30,MENIT,10000.00
JS00156,GANTI GASKET TIMING,LR,,30,MENIT,10000.00
JS00157,GANTI GASKET TRANSMISI,LR,,30,MENIT,80000.00
JS00158,GANTI GEAR DEPAN SPORT,LR,,30,MENIT,15000.00
JS00159,GANTI GEAR KICK START MATIC,LR,,30,MENIT,15000.00
JS00160,GANTI GEAR POMPA OIL CUB/SPROCKET CAM CHAIN,LR,,30,MENIT,50000.00
JS00161,GANTI GEAR BOX SPIDOMETER,LR,,30,MENIT,15000.00
JS00162,GANTI GEARSET  PLUS  BEARING RODA BELAKANG SPORT,LR,,30,MENIT,65000.00
JS00163,GANTI GEARSET  PLUS  BEARING RODA BELAKANG CUB,LR,,30,MENIT,30000.00
JS00164,GANTI GEARSET  PLUS  KAMPAS REM BELAKANG TROMOL SP,LR,,30,MENIT,50000.00
JS00165,GANTI GEARSET  PLUS  KAMPAS REM BELAKANG TROMOL CU,LR,,30,MENIT,30000.00
JS00166,GANTI GEARSET CUB,LR,,30,MENIT,25000.00
JS00167,GANTI GEARSET SPORT,LR,,30,MENIT,43000.00
JS00168,GANTI WEIGHT SET CLUTCH/KAMPAS KOPLING,LR,,30,MENIT,50000.00
JS00169,GANTI KAMRAT CUB,LR,,30,MENIT,35000.00
JS00170,GANTI KAMRAT MATIC,LR,,30,MENIT,60000.00
JS00171,GANTI KAMRAT SPORT,LR,,30,MENIT,50000.00
JS00172,GANTI KARET BOOT,LR,,30,MENIT,15000.00
JS00173,GANTI KARET BURSTEP DEPAN,LR,,30,MENIT,10000.00
JS00174,GANTI KNALPOT,LR,,30,MENIT,20000.00
JS00175,GANTI LAMPU BELAKANG ASSY,LR,,30,MENIT,35000.00
JS00176,GANTI LAMPU DEPAN KECIL,LR,,30,MENIT,10000.00
JS00177,GANTI LAMPU SPEEDOMTR,LR,,30,MENIT,10000.00
JS00178,GANTI LENSA SPIDOMETER,LR,,30,MENIT,15000.00
JS00179,GANTI LENSA TAILLIGHT,LR,,30,MENIT,10000.00
JS00180,GANTI LEVER CHOKE,LR,,30,MENIT,5000.00
JS00181,GANTI MASTER ASSY REM FR,LR,,30,MENIT,20000.00
JS00182,GANTI MINYAK REM,LR,,30,MENIT,15000.00
JS00183,GANTI MOVEABLE DRIVE,LR,,30,MENIT,45000.00
JS00185,GANTI OIL SHOCK DEPAN,LR,,30,MENIT,35000.00
JS00186,Jasa Pasang Spion matic,OTHER,,10,MENIT,10000.00
JS00187,GANTI O-RING PUMP,LR,,30,MENIT,15000.00
JS00188,GANTI PANEL RR BRAKE,LR,,30,MENIT,25000.00
JS00189,GANTI PEDAL PERSNELING,LR,,30,MENIT,10000.00
JS00190,GANTI PIPE SHOCK DEPAN,LR,,30,MENIT,35000.00
JS00191,GANTI PROTECTOR MUFFLER,LR,,30,MENIT,5000.00
JS00192,GANTI RANTAI,LR,,30,MENIT,30000.00
JS00193,GANTI RANTAI RODA CBU,LR,,30,MENIT,10000.00
JS00194,GANTI RANTAI RODA CUB,LR,,30,MENIT,10000.00
JS00195,GANTI RANTAI RODA SPORT,LR,,30,MENIT,10000.00
JS00196,GANTI REGULATOR,LR,,30,MENIT,25000.00
JS00197,GANTI RELAY RITTING,LR,,30,MENIT,15000.00
JS00198,GANTI RELAY START,LR,,30,MENIT,20000.00
JS00199,GANTI RUBBER BUSH ENGINE HANGER MATIC,LR,,30,MENIT,50000.00
JS002,SERVIS DINAMU STARTER,LS,,15,MENIT,30000.00
JS00200,BONGKAR PASANG BAN,LR,,30,MENIT,35000.00
JS00201,GANTI LAHER CRANKCASE,LR,,30,MENIT,100000.00
JS00202,GANTI SEAL GASKET RADIATOR,LR,,30,MENIT,60000.00
JS00203,GANTI SEAL SHOCK DEPAN CUB,LR,,30,MENIT,35000.00
JS00204,GANTI SEAL SHOCK MATIC,LR,,30,MENIT,45000.00
JS00205,GANTI SEAL SHOCK DEPAN SPORT,LR,,30,MENIT,55000.00
JS00206,GANTI SEAT LOCK COMP,LR,,30,MENIT,25000.00
JS00207,GANTI SHAFT MAIN STAND,LR,,30,MENIT,25000.00
JS00208,GANTI SHOCK BELAKANG CUB,LR,,30,MENIT,30000.00
JS00209,GANTI SHOCK BELAKANG MATIC,LR,,30,MENIT,40000.00
JS0021,SERVIS DINAMO,OTHER,,15,MENIT,35000.00
JS00210,GANTI SHOCK BELAKANG SPORT,LR,,30,MENIT,40000.00
JS00211,GANTI SHOCK DEPAN CUB,LR,,30,MENIT,30000.00
JS002111,GANTI KAMPAS KOPLING TIGER,OTHER,,1,JAM,50000.00
JS00212,GANTI SHOCK DEPAN MATIC,LR,,30,MENIT,45000.00
JS00213,GANTI SHOCK DEPAN SPORT,LR,,30,MENIT,40000.00
JS00214,GANTI SIDE STAND,LR,,30,MENIT,10000.00
JS00215,GANTI SOCKET LAMPU DEPAN CUB,LR,,30,MENIT,12000.00
JS00216,GANTI SOCKET LAMPU DEPAN SPORT,LR,,30,MENIT,15000.00
JS00217,GANTI SPEEDOMETER ASSY,LR,,30,MENIT,25000.00
JS00218,GANTI SPION KIRI,LR,,30,MENIT,10000.00
JS00219,GANTI SPRING PULLEY,LR,,30,MENIT,55000.00
JS002199,MIRROR GANTI,LR,,30,MENIT,5000.00
JS0022,GANTI FACE SET DRIVEN,OTHER,,1,JAM,50000.00
JS00220,GANTI SPRING SHOCK DEPAN,LR,,30,MENIT,20000.00
JS00221,GANTI STAY WINKER,LR,,30,MENIT,10000.00
JS00222,GANTI SWITCH CHANGE,LR,,30,MENIT,10000.00
JS00223,GANTI SWITCH SENSOR,LR,,30,MENIT,10000.00
JS00224,GANTI TANK BENSIN,LR,,30,MENIT,40000.00
JS00225,GANTI TRANSMISI MATIC,LR,,30,MENIT,80000.00
JS00226,GANTI VELG,LR,,30,MENIT,25000.00
JS00227,KURAS TANGKI BENSIN,LR,,30,MENIT,125000.00
JS00228,PERBAIKAN BODY GETAR,LR,,30,MENIT,25000.00
JS00229,PERBAIKAN CABLE HORN,LR,,30,MENIT,15000.00
JS0023,PEMBERSIHAN THROTTLE BODY,OTHER,,30,MENIT,30000.00
JS00230,PERBAIKAN CABLE KELISTRIKAN,LR,,8,JAM,200000.00
JS00231,PERBAIKAN KELISTRIKAN,LR,,30,MENIT,50000.00
JS00232,PERBAIKAN KRAN BENSIN,LR,,30,MENIT,10000.00
JS00233,PERBAIKAN LAMPU DEPAN,LR,,30,MENIT,10000.00
JS00234,PERBAIKAN LAMPU BELAKANG,LR,,30,MENIT,10000.00
JS00235,PERBAIKAN LAMPU NETRAL,LR,,30,MENIT,10000.00
JS00236,PERBAIKAN MAGNET STATER,LR,,30,MENIT,20000.00
JS00237,PERBAIKAN FRAME RANGKA,LR,,30,MENIT,35000.00
JS00239,POTONG RANTAI,LR,,30,MENIT,10000.00
JS00240,PERBAIKAN KICK STATER,LR,,30,MENIT,15000.00
JS00241,PRESS SEGITIGA,HR,,30,MENIT,230000.00
JS00242,PRESS VELG,LR,,30,MENIT,150000.00
JS00243,PASANG CLAM LAMPU,LR,,30,MENIT,10000.00
JS00244,PASANG KALIPER FR,LR,,30,MENIT,15000.00
JS00245,PASANG KALIPER RR,LR,,30,MENIT,25000.00
JS00246,PASANG RING GEAR RR,LR,,30,MENIT,10000.00
JS00247,PASANG STRIPE,LR,,30,MENIT,50000.00
JS00249,STEL SHOCK BEKER,LR,,30,MENIT,35000.00
JS00250,TAMBAH AIR AKI,LR,,10,MENIT,5000.00
JS00251,GANTI SEAL DAMPER SHOCK BELAKANG,LR,,15,MENIT,30000.00
JS00252,GANTI KAMPAS CAKRAM CUB,LR,,20,MENIT,10000.00
JS00253,GANTI KAMPAS TROMOL CUB,LR,,20,MENIT,10000.00
JS00254,PEMBERSIHAN KAMPAS TROMOL CUB,LR,,20,MENIT,10000.00
JS00255,GANTI KAMPAS CAKRAM MATIC,LR,,20,MENIT,10000.00
JS00256,GANTI KAMPAS TROMOL MATIC,LR,,20,MENIT,10000.00
JS00257,PEMBERSIHAN KAMPAS TROMOL MATIC,LR,,20,MENIT,10000.00
JS00258,GANTI KAMPAS CAKRAM CBU,LR,,20,MENIT,12000.00
JS00259,GANTI KAMPAS CAKRAM SPORT,LR,,20,MENIT,12000.00
JS00260,GANTI KAMPAS TROMOL SPORT,LR,,20,MENIT,12000.00
JS00261,PEMBERSIHAN KAMPAS TROMOL SPORT,LR,,20,MENIT,12000.00
JS00262,PEMBERSIHAN KAMPAS CAKRAM CUB,LR,,20,MENIT,11000.00
JS00263,PEMBERSIHAN KAMPAS CAKRAM MATIC,LR,,20,MENIT,11000.00
JS00264,PEMBERSIHAN KAMPAS CAKRAM CBU,LR,,20,MENIT,13000.00
JS00265,PEMBERSIHAN KAMPAS CAKRAM SPORT,LR,,20,MENIT,13000.00
JS00266,PEMBERSIHAN CVT,LR,,20,MENIT,18000.00
JS00267,KURAS TANGKI CUB,LR,,30,MENIT,25000.00
JS00268,KURAS TANGKI MATIC,LR,,30,MENIT,30000.00
JS00269,KURAS TANGKI SPORT,LR,,40,MENIT,30000.00
JS0027,PEMBERSIHAN KOPLING PCX,OTHER,,30,MENIT,35000.00
JS00270,KURAS TANGKI CBU,LR,,40,MENIT,40000.00
JS00271,ISI ANGIN NITROGEN 1 BAN,LS,,5,MENIT,5000.00
JS00272,ISI ANGIN NITROGEN 2 BAN,LS,,5,MENIT,10000.00
JS00273,BERSIHIN SARINGAN BENSIN,LS,,5,MENIT,15000.00
JS00274,INJECTOR CLEANER,LS,,10,MENIT,25000.00
JS00275,GANTI V-BELT,LR,,30,MENIT,35000.00
JS00276,GANTI BALON DEPAN,LR,,10,MENIT,17000.00
JS00277,GANTI BALON BELAKANG/STOP BESAR,LR,,10,MENIT,5000.00
JS00278,GANTI KAMPAS REM DEPAN,LR,,30,MENIT,25000.00
JS00279,GANTI KAMPAS REM BELAKANG,LR,,30,MENIT,35000.00
JS00280,GANTI BAN LUAR BELAKANG,LR,,20,MENIT,35000.00
JS00281,GANTI BAN LUAR DEPAN,LR,,20,MENIT,25000.00
JS00282,GANTI BAN DALAM,LR,,20,MENIT,25000.00
JS00283,GANTI KABEL SPIDOMETER,LR,,20,MENIT,15000.00
JS00284,GANTI SARINGAN UDARA,LR,,20,MENIT,10000.00
JS00285,GANTI AKI,LR,,10,MENIT,10000.00
JS00286,GANTI REGULATOR REC COMP/KIPROK,LR,,20,MENIT,15000.00
JS00287,GANTI BANTALAN BOLA,LR,,20,MENIT,10000.00
JS00288,GANTI BANTALAN JARUM,LR,,20,MENIT,10000.00
JS00289,SERVIS CVT,LS,,30,MENIT,45000.00
JS00290,GANTI FACE COMP MOVABLE,LR,,30,MENIT,35000.00
JS00291,GANTI CYLINDER SET MASTER/ SEAL MASTER,LR,,30,MENIT,20000.00
JS00292,GANTI OIL SEAL/SEAL KRU AS,LR,,20,MENIT,25000.00
JS00293,GANTI PISTON COMP VACCUM,LR,,20,MENIT,15000.00
JS00295,SERVIS ARM BELAKANG,LS,,20,MENIT,10000.00
JS00296,SERVIS KABEL GAS,LS,,20,MENIT,10000.00
JS00297,GANTI RANTAI/GEARSET CUB,LR,,30,MENIT,30000.00
JS00299,GANTI PIECE SLIDE,LR,,20,MENIT,17000.00
JS0030,PEMBERSIHAN SARINGAN POMPA,OTHER,,30,MENIT,30000.00
JS00300,GANTI SHOCK BEKER/CUSHION ASSY,LR,,30,MENIT,45000.00
JS00301,GANTI KABEL REM,LR,,20,MENIT,15000.00
JS00302,GANTI TOMBOL DEAM,LR,,10,MENIT,10000.00
JS00303,GANTI BALON MINIATUR,LR,,10,MENIT,10000.00
JS00304,GANTI AIR RADIATOR/COOLANT,LR,,10,MENIT,10000.00
JS00305,GANTI SEAL POMPA RADIATOR,HR,,30,MENIT,50000.00
JS00306,GANTI BALON STOP/REM,LR,,10,MENIT,10000.00
JS00307,GANTI O-RING,LR,,20,MENIT,5000.00
JS00308,SERVIS KABEL,LS,,20,MENIT,35000.00
JS0031,PASANG KOPLING,LR,,30,MENIT,30000.00
JS00311,GANTI KLAKSON / HORN COP,LR,,20,MENIT,15000.00
JS00313,GANTI COB BUSI /CAP ASSY NOISE,LR,,20,MENIT,11000.00
JS00314,GANTI TUTUP KNALPOT,LR,,10,MENIT,10000.00
JS00315,GANTI SELANG BENSIN,OTHER,,15,MENIT,10000.00
JS00316,JASA BONGKAR PASANG,HR,,5,JAM,100000.00
JS00318,GANTI BEARING KONES/RACE STEERING KIT,HR,,30,MENIT,105000.00
JS00319,STEL KONES,LS,,20,MENIT,25000.00
JS0032,GANTI LAHER RODA DEPAN PCX,OTHER,,30,MENIT,35000.00
JS00320,GANTI SEAL DRVEN FACE,LR,,20,MENIT,20000.00
JS00321,SERVIS REM,LS,,20,MENIT,15000.00
JS003213,GANTI SARINGAN UDARA PCX,LR,,10,MENIT,15000.00
JS00322,GANTI PINION,LR,,20,MENIT,30000.00
JS00323,PAKET SERVICE  LENGKAP PCX,CS,,45,MENIT,120000.00
JS00324,GANTI TUTUP TANGKI CADANGAN,LR,,20,MENIT,3000.00
JS00326,STEL RANTAI,LS,,20,MENIT,10000.00
JS00327,GANTI DIMMER / SAKLAR,LR,,20,MENIT,20000.00
JS00328,CEK MOTOR MATI,HR,,45,MENIT,35000.00
JS00329,PAKET SERVICE EXTRAPAKET SERVICE LENGKAP PLUS INJE,CS,,50,MENIT,95000.00
JS0033,STEL STUT KAMBRAT,LR,,15,MENIT,35000.00
JS00331,PASANG SAYAP BELAKANG,LR,,20,MENIT,40000.00
JS00332,GANTI RUBBER CLUTCH DAMPER,LR,,15,MENIT,5000.00
JS00334,STEL VELG,HR,,5,JAM,70000.00
JS00336,GANTI SWITCH REM,LR,,15,MENIT,20000.00
JS00337,GANTI KUNCI KONTAK,HR,,5,MENIT,50000.00
JS00338,SERVIS AS RODA BELAKANG,LR,,5,MENIT,10000.00
JS00339,GANTI BALON BELAKANG/STOP KECIL,LR,,10,MENIT,5000.00
JS00340,PEMBERSIHAN KAMPAS REM,LS,,30,MENIT,15000.00
JS00342,GANTI TUTUP RADIATOR,LR,,20,MENIT,10000.00
JS00343,LAMPU SEIN DEPAN,LR,,5,MENIT,25000.00
JS00344,GANTI OLI SHOCK,LR,,20,MENIT,50000.00
JS00345,GANTI LAMPU DEPAN ASSY,LR,,20,MENIT,25000.00
JS00346,GANTI BALON RETING,LR,,10,MENIT,10000.00
JS00347,GANTI COVER ASSY FR LOWER,LR,,30,MENIT,25000.00
JS00348,GANTI COVER ASSY INNER,LR,,30,MENIT,20000.00
JS00349,STEP P SET FLOOR / STEP FLOOR ASSY,LR,,20,MENIT,60000.00
JS00350,GANTI SLOP GAS,LR,,10,MENIT,10000.00
JS00351,GANTI TUTUP SEAL,LR,,20,MENIT,10000.00
JS00352,GANJEL BATOK DEPAN,LS,,10,MENIT,25000.00
JS00353,SERVIS RADIATOR,LS,,30,MENIT,50000.00
JS00354,BAUT,OTHER,,5,MENIT,10000.00
JS00355,STRUM AKI,LS,,30,MENIT,15000.00
JS00356,GANTI COIL COMP,HR,,30,MENIT,60000.00
JS00357,GANTI SPRING FRONT,LR,,20,MENIT,30000.00
JS00358,GANTI HANDEL REM KIRI,LR,,20,MENIT,25000.00
JS00359,GANTI HANDEL REM KANAN,LR,,20,MENIT,15000.00
JS0036,LENSA SEIN,OTHER,,30,MENIT,10000.00
JS00360,GANTI KABEL SADEL,LR,,20,MENIT,15000.00
JS00361,GANTI KABEL GAS,LR,,20,MENIT,15000.00
JS00362,GANTI PIRINGAN CAKRAM DEPAN MATIC,LR,,20,MENIT,45000.00
JS00363,GANTI COVER ASSY UNDER,LR,,30,MENIT,25000.00
JS00365,PEMBERSIHAN KAMPAS REM BELAKANG,LS,,30,MENIT,25000.00
JS00366,PEMBERSIHAN KAMPAS REM DEPAN,LS,,30,MENIT,20000.00
JS00368,STEL KLEP,LS,,20,MENIT,15000.00
JS00370,GANTI RANTAI KAMRAT,LR,,20,MENIT,50000.00
JS00371,GANTI RANTAI RODA/GEAR SET,LR,,20,MENIT,40000.00
JS00372,GANTI OUTER COMP CLUTCH/RUMAH KOPLING,LS,,45,MENIT,30000.00
JS00373,GANTI JOINT TREE,LR,,30,MENIT,20000.00
JS00374,GANTI SOCKET HEADLIGHT/PITINGAN LAMPU,LS,,10,MENIT,15000.00
JS00375,GANTI STATOR COMP/ SPULL,LR,,30,MENIT,50000.00
JS00376,GANTI FLASER RETING,LR,,10,MENIT,15000.00
JS00377,GANTI SEAL SHOCK,LR,,30,MENIT,45000.00
JS00378,JASA PASANG BALON,LR,,20,MENIT,10000.00
JS00381,SERVIS STARTER,LS,,10,MENIT,20000.00
JS00382,GANTI PISTON KIT/SEHER,LS,,30,MENIT,20000.00
JS00383,GANTI RING SET,LS,,5,MENIT,20000.00
JS00384,PASANG KARET KOPLING,LS,,5,MENIT,40000.00
JS00385,LAS TUTUP MESIN,OTHER,,5,MENIT,0.00
JS00386,JASA BONGKAR PASANG DEK,OTHER,,30,MENIT,50000.00
JS00387,GANTI CDI UNIT,LR,,30,MENIT,50000.00
JS00388,GANTI BATOK BELAKANG,LS,,5,MENIT,25000.00
JS00389,GANTI BATOK DEPAN,LR,,5,MENIT,25000.00
JS00390,WINKER ASSY,LR,,5,MENIT,30000.00
JS00391,GANTI SAKLAR STARTER,LR,,20,MENIT,15000.00
JS00392,CENTER PIRINGAN,LR,,5,MENIT,15000.00
JS00393,GANTI COVER R FLOOR SIDE,LR,,30,MENIT,20000.00
JS00394,GASKET KIT A,LS,,5,MENIT,10000.00
JS00395,GASKET KIT B,LS,,5,MENIT,10000.00
JS00396,SEAL CLEP,LR,,10,MENIT,20000.00
JS00398,SERVIS DONGKRAK,LS,,15,MENIT,10000.00
JS00399,SERVIS KABEL RETING,LS,,20,MENIT,10000.00
JS00400,GANTI GASKET / PAKING MANIPOL,LR,,20,MENIT,10000.00
JS00401,GANTI COVER FR BLK,LR,,30,MENIT,20000.00
JS00402,GANTI STEP ASSY FLOOR,LS,,5,MENIT,20000.00
JS00403,GANTI FENDER,LR,,30,MENIT,30000.00
JS00404,GANTI COVER L FLOOR SIDE,LR,,30,MENIT,20000.00
JS00405,GANTI SHAFT DRIVE,LR,,45,MENIT,50000.00
JS00406,PASANG STANG,HR,,5,MENIT,35000.00
JS00407,BUBUT PISTON,HR,,5,MENIT,35000.00
JS00408,GANTI SEAL MAGNET,LR,,20,MENIT,55000.00
JS00409,KIPAS PENDINGIN/FAN COMP,LS,,30,MENIT,25000.00
JS00410,SEAL,LS,,5,MENIT,14000.00
JS00411,GANTI UNIT HEAD LIGHT,LS,,5,MENIT,25000.00
JS00412,GANTI BOS DRIVE,LR,,10,MENIT,3000.00
JS00413,GANTI SEAL KOPLING,LS,,30,MENIT,40000.00
JS00414,CEK CARBU,LS,,20,MENIT,15000.00
JS00415,BUBUT SETELAN ANGIN CABURATOR,LR,,5,MENIT,60000.00
JS00416,GANTI RING TAP OIL,LS,,10,MENIT,2000.00
JS00417,BONGKAR PASANG TANGKI,LS,,30,MENIT,30000.00
JS00418,SERVIS KUNCI KONTAK,LS,,20,MENIT,25000.00
JS00419,GANTI COVER BODY,LR,,30,MENIT,25000.00
JS00420,GANTI COVER CENTER,LR,,30,MENIT,20000.00
JS00421,GANTI COVER ASSY HDL RR,LR,,30,MENIT,20000.00
JS00422,SHOCK TAP OIL,LS,,1,HARI,60000.00
JS00423,CEK RETING,LS,,5,MENIT,10000.00
JS00424,CEPER SHOCK BEKER,LS,,5,MENIT,10000.00
JS00425,SERVICE COVER,LS,,15,MENIT,20000.00
JS00426,STANDAR SHOCK DEPAN,LS,,5,MENIT,10000.00
JS00427,PASANG RETTING,LR,,15,MENIT,20000.00
JS00428,GANTI GARNISH,LR,,10,MENIT,10000.00
JS00429,GANTI COVER INNER LOWER,LR,,30,MENIT,25000.00
JS00430,GANTI COVER RACK,LR,,5,MENIT,20000.00
JS00431,GANTI COVER FRONT,LR,,30,MENIT,20000.00
JS00432,GANTI COVER L FR,LR,,15,MENIT,25000.00
JS00433,GANTI COVER FR TOP,LR,,30,MENIT,20000.00
JS00434,SERVICE THROTTLE BODY ASSY,HR,,45,MENIT,20000.00
JS00435,PASANG VELG,LS,,5,MENIT,40000.00
JS00436,GANTI LAHER RODA DEPAN,LR,,30,MENIT,25000.00
JS00437,GANTI RADIATOR COMP,HR,,5,MENIT,300000.00
JS00438,CON ROD KIT,LR,,5,MENIT,20000.00
JS00439,LAHER STANG KECIL,LR,,5,MENIT,30000.00
JS00440,GANTI RELAY WINKER,LR,,15,MENIT,15000.00
JS00441,GANTI TOMBOL KLAKSON/ UNIT HORN,LR,,20,MENIT,10000.00
JS00443,PASANG SHOCK,LS,,5,MENIT,20000.00
JS00444,SERVIS REFLEKTOR,LS,,15,MENIT,10000.00
JS00445,CEK BALON,LS,,5,MENIT,10000.00
JS00447,BUBUT BAUT CVT,LR,,5,MENIT,35000.00
JS00448,CEK LAMPU DEPAN,LS,,10,MENIT,10000.00
JS00449,CEK STARTER,LS,,15,MENIT,15000.00
JS00450,PASANG KUNCI KONTAK,LR,,5,MENIT,20000.00
JS00451,SERVIS STANG,LS,,5,MENIT,10000.00
JS00452,SERVIS BATOK,LS,,15,MENIT,20000.00
JS00453,CEK CVT,LS,,30,MENIT,20000.00
JS00457,ISI ANGIN  NITROGEN,LS,,5,MENIT,5000.00
JS00458,SAKLAR RETTING/ SW UNIT WINKER,LR,,10,MENIT,10000.00
JS00459,COVER RR CENTER,LR,,5,MENIT,10000.00
JS00460,CEK BAN,LS,,10,MENIT,10000.00
JS00461,PASANG KNALPOT,LR,,20,MENIT,10000.00
JS00462,GANTI ROLLER,LR,,30,MENIT,25000.00
JS00463,SERVIS RODA BELAKANG,LS,,5,MENIT,10000.00
JS00464,SERVIS DEK,LR,,5,MENIT,10000.00
JS00465,PASANG KARET ARM,LR,,5,MENIT,50000.00
JS00466,GANTI COVER INNER UPPER,LR,,30,MENIT,25000.00
JS00467,GANTI PAK KOP,LR,,10,MENIT,15000.00
JS00468,SERVIS STARTER KAKI,LS,,10,MENIT,20000.00
JS00469,GANTI KARET DONGKRAK,LR,,10,MENIT,15000.00
JS00470,SEAL MEKANIKAL,LR,,5,MENIT,50000.00
JS00471,PASANG LENGAN AYUN,HR,,5,MENIT,50000.00
JS00472,PEMBERSIHAN KNALPOT,LS,,5,MENIT,10000.00
JS00473,RESET MODE,LR,,15,MENIT,20000.00
JS00474,SETEL KABEL KOPLING,LR,,5,MENIT,10000.00
JS00475,LAS PEGANGAN DONGKRAK,HR,,5,MENIT,145000.00
JS00476,PASANG STANG SEHER,HR,,5,JAM,100000.00
JS00477,PASANG CATOK,LR,,5,MENIT,10000.00
JS00478,KOLTER BLOCK  PLUS  PASANG STANG,HR,,2,HARI,150000.00
JS00479,PEMBERSIHAN KAMPAS KOPLING,LS,,5,MENIT,10000.00
JS00480,SERVIS PELAMPUNG MINYAK,LR,,5,MENIT,25000.00
JS00481,GANTI GASKET,LR,,10,MENIT,15000.00
JS00482,STEL STANG,LR,,20,MENIT,20000.00
JS00483,LEPAS SARINGAN,LS,,5,MENIT,10000.00
JS00484,PASANG RANTAI,LS,,5,MENIT,15000.00
JS00485,PASANG KARET BODY,LR,,30,MENIT,50000.00
JS00488,SERVIS KLAKSON,LS,,15,MENIT,10000.00
JS00489,GANTI COLBOSTER/ BRUSH SET,LR,,20,MENIT,60000.00
JS00491,BUBUT LAHER DEPAN,LR,,15,MENIT,10000.00
JS00495,LAS DONGKRAK,LR,,15,MENIT,50000.00
JS00496,GANTI LAHER GARDAN,LR,,20,MENIT,50000.00
JS00497,PASANG LAHER NOKEN,HR,,20,MENIT,40000.00
JS00498,LAS BODY,LR,,15,MENIT,20000.00
JS00499,CEK MESIN,LR,,15,MENIT,15000.00
JS00500,PASANG CRANKCASE,LR,,20,MENIT,15000.00
JS00501,SERVIS KABURATOR,LS,,20,MENIT,30000.00
JS00502,PASANG STAND ASSY/DONGKRAK,LS,,20,MENIT,20000.00
JS00503,SERVIS KUNCI TANGKI,LS,,30,MENIT,25000.00
JS00504,GANTI BUSI,LR,,5,MENIT,10000.00
JS00505,BUBUT SPION,LR,,1,HARI,75000.00
JS00507,LAS TAP OLI,LR,,1,HARI,10000.00
JS00508,STEL PELENG  PLUS  ROJI,LR,,3,JAM,175000.00
JS00509,LAS BUBUT,LR,,3,JAM,30000.00
JS00510,GANTI SEAL PERSNELENG,LR,,2,MENIT,5000.00
JS00536,GANTI BOTTEM DEPAN,LR,,30,MENIT,25000.00
JS0054,GASKET HEAD CYLINDER,LR,,30,MENIT,20000.00
JS0058,SERVIS CVT ADV,LS,,30,MENIT,60000.00
JS00614,SERVIS TRHOTTLE BODY,OTHER,,30,MENIT,60000.00
JS0064,PASANG KLAKSON,LS,,30,MENIT,35000.00
JS0082,GANTI TERMOSTAT ASSY,OTHER,,30,MENIT,30000.00
JS0087,SERVIS RELAY RETING,OTHER,,10,MENIT,10000.00
JS009,PASANG SAYAP DEPAN,OTHER,,30,MENIT,20000.00
JS0101,PIR DONGKRAK,OTHER,,5,MENIT,10000.00
JS0111,GASKET WATER PUMP,OTHER,,10,MENIT,15000.00
JS01121,GANTI KONES PCX,OTHER,,5,JAM,225000.00
JS01123,SERVIS KONES SPORT,OTHER,,1,JAM,120000.00
JS0114,GANTI SHOCK DEPAN PCX,LR,,30,MENIT,50000.00
JS01145,GASKET STATOR BASE,OTHER,,10,MENIT,20000.00
JS0115,GANTI SHOCK BELAKANG PCX,LR,,30,MENIT,50000.00
JS012,GANTI LAHER RODA BELAKANG,OTHER,,30,MENIT,50000.00
JS0122,GANTI SPION RETING,LR,,10,MENIT,15000.00
JS0132,GANTI SEAL KOPLING PCX,OTHER,,30,MENIT,50000.00
JS01321,ENG CONTROL UNIT,OTHER,,30,MENIT,100000.00
JS01330,GANTI PINTIL,OTHER,,15,MENIT,10000.00
JS01545,SARINGAN POMPA,OTHER,,15,MENIT,25000.00
JS0200,GO BOX,OTHER,,1,JAM,105000.00
JS0211,GANTI SEAL AS RODA BELAKANG,OTHER,,30,MENIT,50000.00
JS02112,SAKLAR IDDLING STOP,LR,,15,MENIT,10000.00
JS02115,MUR KONES/THRE AD  HEAD TOP,OTHER,,10,MENIT,50000.00
JS0212,FAN COVER COMP,OTHER,,15,MENIT,10000.00
JS0214,GANTI KABEL GAS MATIC,OTHER,,20,MENIT,30000.00
JS0220,SAKLAR LAMPU TIGA,OTHER,,15,MENIT,10000.00
JS0221,CAIRAN TUBLES,OTHER,,5,MENIT,10000.00
JS02212,CEK SEKERING,OTHER,,15,MENIT,10000.00
JS0222,GANTI V-BELT PCX,LS,,15,MENIT,45000.00
JS02221,GANTI SEAL SHOCK DPN MATIC,LR,,30,MENIT,45000.00
JS0223,GANTI SEAL SHOCK DEPAN MATIC,LR,,30,MENIT,45000.00
JS0233,CEK BAN BELAKANG PCX,OTHER,,30,MENIT,60000.00
JS0254,SAKELAR RETING,OTHER,,15,MENIT,15000.00
JS0255,GANTI PIR HANDLE,OTHER,,15,MENIT,10000.00
JS0302,COVER SARINGAN UDARA,OTHER,,5,MENIT,10000.00
JS0320,SERVIS STARTER PCX,OTHER,,30,MENIT,50000.00
JS0321,PASANG BOX MOTOR BELAKANG,OTHER,,30,MENIT,50000.00
JS0325,GANTI COVER TAIL BLKNG,OTHER,,20,MENIT,30000.00
JS0328,LAS MASTER REM,OTHER,,30,MENIT,85000.00
JS0330,NYLEP,OTHER,,30,MENIT,100000.00
JS0332,PERBAIKAN TENSIONER,OTHER,,15,MENIT,25000.00
JS03321,CEK MOTOR MATI PCX,OTHER,,30,MENIT,50000.00
JS0333,GANTI OLI PLUS SPORT,OR+,,10,MENIT,10000.00
JS0345,PASANG EMBLEM,OTHER,,15,MENIT,30000.00
JS0445,GANTI GASKET CYLINDER,LR,,15,MENIT,20000.00
JS0541,STEL KONES SPORT,OTHER,,30,MENIT,50000.00
js100,jasa,LR,,60,MENIT,100000.00
JS10001,GANTI FACE COMP PCX,LS,,15,MENIT,45000.00
JS1002,GANTI SEAL SHOCK DPN CUB,OTHER,,30,MENIT,35000.00
JS1021,GANTI VISOR,OTHER,,10,MENIT,15000.00
JS10320,GANTI ARM,OTHER,,2,JAM,100000.00
JS10321,COVER R UNDER,OTHER,,15,MENIT,20000.00
JS1102,GANTI ROLLER PCX,OTHER,,15,MENIT,35000.00
JS111,GANTI COVER L FR PCX,OTHER,,30,MENIT,30000.00
JS1120,GANJEL SENSOR TP,OTHER,,15,MENIT,20000.00
JS1121,CEK KABEL ADV,OTHER,,30,MENIT,50000.00
JS11521,CEK KLAKSON PCX,OTHER,,20,MENIT,20000.00
JS1220,GANTI KAMPAS REM DEPAN SPORT,OTHER,,15,MENIT,35000.00
JS1222,GANTI KAMPAS REM BELAKANG SPORT,OTHER,,20,MENIT,60000.00
JS14455,SOK TEMPAT LAHER DI KRINGKIS,OTHER,,5,JAM,320000.00
JS201,GANTI SLOP GAS KANAN,LR,,10,MENIT,25000.00
JS2012,GANTI RELAY COMP POWER,OTHER,,30,MENIT,35000.00
JS2032,GANTI SELANG RADIATOR,OTHER,,30,MENIT,50000.00
JS20320,CEK KABEL PCX,OTHER,,30,MENIT,50000.00
JS210,GANTI SPION,LR,,5,MENIT,15000.00
JS211,GANTI COVER L FLOOR SIDE PCX,OTHER,,30,MENIT,30000.00
JS221,PASANG REFLEKTOR PCX,LR,,1,JAM,70000.00
JS23512,TAMBAH AIR RADIATOR,LR,,3,MENIT,7000.00
JS3001,GANTI SENSOR CKP,OTHER,,30,MENIT,35000.00
JS3211,SERVIS STARTER TANGAN,OTHER,,6,JAM,50000.00
JS3220,CEK MOTOR MATI SPORT,OTHER,,1,JAM,50000.00
JS3310,GANTI ROTAK,OTHER,,15,MENIT,30000.00
JS3550,GANTI LAHER GARDAN PCX,OTHER,,60,MENIT,70000.00
JS513212,GANTI BAN LUAR DEPAN PCX,LR,,20,MENIT,40000.00
JS5541,STEL RANTAI SPORT,OTHER,,15,MENIT,20000.00
JSGNTP01,GANTI PAKING,,,10,MENIT,20000.00
JSK,JASA KALIPER,LR,,30,MENIT,30000.00
jskun,jasa kunjung atau jemput,CS,,45,MENIT,15000.00
JSS,JASA,LR,,20,MENIT,15000.00
KAMPASREMBELAKANGPCX,KAMPAS REM BELAKANG PCX,LS,,30,MENIT,50000.00
KAMPASREMDEPANPCX,KAMPAS REM DEPAN PCX,LS,,15,MENIT,35000.00
KARETYOYO,KARET YOYO,HR,,1,JAM,50000.00
KD,PEMBERSIHAN KAMPAS DEPAN,LS,,30,MENIT,15000.00
KL,KELISTRIKAN,LR,,30,MENIT,50000.00
KL002,KELISTRIKAN,LR,,45,MENIT,100000.00
KLP,SETEL KLEP,LR,,35,MENIT,40000.00
KOLTERBLOCK,KOLTER BLOCK,HR,,3,HARI,35000.00
KOP,SERVIS KOP,HR,,1,HARI,125000.00
KRB,PEMBERSIHAN KAMPAS REM BELAKNG,LS,,20,MENIT,20000.00
LAHER,LAHER STANG BESAR,CS,,30,MENIT,30000.00
LAS,LAS,LR,,30,MENIT,45000.00
LAS LAS,LAS,HR,,30,MENIT,45000.00
LASBAUT,LAS BAUT,OTHER,,30,MENIT,45000.00
LASKNALPOT,LAS KNALPOT,OTHER,,5,MENIT,25000.00
LASPEGANGANREM,LAS PEGANGAN REM,OTHER,,30,MENIT,25000.00
lb,link rubber,HR,,30,MENIT,75000.00
LKRSI,LAS KRINGKIS,LR,,60,MENIT,300000.00
LRJEF0001,Jasa Engine Flush,LR,,45,MENIT,0.00
lss,lampu sein,LR,,15,MENIT,30000.00
MBB,MEMBRAN BENSIN,LS,,30,MENIT,35000.00
MINYAKREM,MINYAK REM,OTHER,,15,MENIT,15000.00
Mudik0124,Paket Mudik 1,CS,,45,MENIT,0.00
Mudik0224,Paket Mudik 2,CS,,45,MENIT,0.00
Mudik0324,Paket Mudik 3,CS,,45,MENIT,0.00
N22,ANGIN NITROGEN 2 BAN TAMBAH,LR,,1,MENIT,5000.00
OFGFC0001,OctoberFest - Go Flush CUB,OR+,,15,MENIT,71000.00
OFGFM0001,OctoberFest - Go Flush Matic,OR+,,15,MENIT,73000.00
OFGFS1001,OctoberFest - Go Flush Sport 1,OR+,,15,MENIT,85000.00
OFGFS2001,OctoberFest - Go Flush Sport 2,OR+,,15,MENIT,93000.00
OFSCB0001,OctoberFest - Special CUB,CS,,45,MENIT,96000.00
OFSMT0001,OctoberFest - Special Matic,CS,,45,MENIT,98000.00
OFSS10001,OctoberFest - Special Sport 1,CS,,45,MENIT,110000.00
OFSS20001,OctoberFest - Special Sport 2,CS,,15,MENIT,118000.00
OILSEAL,OIL SEAL,LR,,10,MENIT,25000.00
OR,Ganti Oli Plus,OR+,,5,MENIT,0.00
OTHERJOB,OTHER JOB,OTHER,,5,MENIT,0.00
P0100541,P01,LR,,20,MENIT,0.00
PAKET,PAKET SERVICE LENGKAP ADV,CS,,45,MENIT,120000.00
PAKETSUPERMATICPCX,PAKET SUPER MATIC PCX,CS,,45,MENIT,72000.00
PASANG,PASANG TUAS KOPLING,OTHER,,30,MENIT,50000.00
PASANGKULITSADEL,PASANG KULIT SADEL,OTHER,,5,MENIT,60000.00
PASANGPLAT,PASANG PLAT,LR,,10,MENIT,5000.00
PASANGSPIDOMETER,PASANG SPIDOMETER,LS,,30,MENIT,30000.00
PASANGSTIKER,PASANG STIKER,LR,,30,MENIT,30000.00
PASANGTOMBOLHASAD,PASANG TOMBOL HASAD,LR,,30,MENIT,30000.00
PASANGVARIASI,PASANG VARIASI,OTHER,,5,MENIT,15000.00
PAV,GANTI KONES PCX/ADV/VARIO160,LS,,2,JAM,135000.00
PCX,paket super matic pcx/adv/vario160,LR,,30,MENIT,45000.00
PEGANGANMASTERatauHOLDERMIRROR,PEGANGAN MASTER/ HOLDER MIRROR,LS,,30,MENIT,20000.00
PERTAMAX,PERTAMAX,OTHER,,10,MENIT,10000.00
PFB00550G,PERIKSA RANGKA GENIO,,,60,MENIT,62000.00
PFB00551B,PERIKSA RANGKA BEAT,,,48,MENIT,49600.00
PFB00552S,PERIKSA RANGKA SCOOPY,,,54,MENIT,55800.00
PFB00553V1,PERIKSA RANGKA VARIO160 ABS,,,78,MENIT,80600.00
PFB00554V2,PERIKSA RANGKA VARIO160 CBS,,,78,MENIT,80600.00
PFB00555G,GANTI RANGKA GENIO,,,6,JAM,378200.00
PFB00556B,GANTI RANGKA BEAT,,,6,JAM,384400.00
PFB00557S,GANTI RANGKA SCOOPY,,,6,JAM,359600.00
PFB00558V1,GANTI RANGKA VARIO160 ABS,,,7,JAM,452600.00
PFB00559V2,GANTI RANGKA VARIO160 CBS,,,7,JAM,452600.00
PFB00596G,TREATMENT RANGKA GENIO,,,127,MENIT,142600.00
PFB00597B,TREATMENT RANGKA BEAT,,,96,MENIT,99200.00
PFB00598S,TREATMENT RANGKA SCOOPY,,,114,MENIT,117800.00
PFB00599V1,TREATMENT RANGKA VARIO160 ABS,,,127,MENIT,136400.00
PFB00600V2,TREATMENT RANGKA VARIO160 CBS,,,127,MENIT,136400.00
PHPLEF023,PROMO GO FLUSH 23,LR,,15,MENIT,0.00
PHPLIC023,PROMO SERVICE INJECTOR CLEANER 23,LR,,15,MENIT,30000.00
piece slide,piece slide,LR,,15,MENIT,10000.00
PKB,PAKET BARONG(CS+CVT+INJEKSI),CS,,60,MENIT,83000.00
PKBPA,PAKET BARONG PCX/ADV(CS+CVT+INJEKSI),CS,,60,MENIT,90000.00
PKJ,PAKET JANGER MATIC(CS+CVT),CS,,60,MENIT,53000.00
PKJPA,PAKET JANGER PCX/ADV(CS+CVT),CS,,60,MENIT,60000.00
pl,pelumasan,OTHER,,15,MENIT,25000.00
PREMIUM,PREMIUM,OTHER,,5,MENIT,12000.00
PRESSASSHOCKDEPAN,PRESS AS SHOCK DEPAN,HR,,2,HARI,0.00
PROGOFL23,PROMO GO FLUSH 23,LR,,15,MENIT,0.00
PROINJ023,PROMO SERVICE INJECTOR CLEANER 23,LR,,15,MENIT,30000.00
PSLHI001,Paket Servis HIGH CUB? with Injector,CS,,45,MENIT,0.00
PSLHI002,Paket Servis HIGH MATIC with Injector,CS,,45,MENIT,0.00
PSLHI003,Paket Servis HIGH SPORT with Injector,CS,,45,MENIT,0.00
PSLSH0001,Paket Service Lengkap Semarak HUT52,CS,,45,MENIT,52000.00
PU160001,Pemeriksaan,LR,,15,MENIT,0.00
PUMP ASSY,PUMP ASSY WATER,HR,,60,MENIT,100000.00
R0100542,R01,LR,,20,MENIT,0.00
R01A00546,R01A,LR,,20,MENIT,0.00
R01B00547,R01B,LR,,20,MENIT,0.00
RADIATOR,GANTI COVER COMP RADIATOR,LR,,10,MENIT,25000.00
RD000544,RD0,LR,,20,MENIT,0.00
REFLECTOR,PASANG REFLEKTOR,LR,,20,MENIT,40000.00
RELAY,GANTI RELAY START SPORT,OTHER,,30,MENIT,30000.00
RIBEN,RIBEN,OTHER,,25,MENIT,80000.00
S04,SERVICE KONES,LR,,30,HARI,40000.00
SA1,SERVICE AREA 1,LS,,20,MENIT,15000.00
sa3,service area 3,LS,,40,MENIT,30000.00
SADV,SEIN ADV,LS,,20,MENIT,20000.00
SCREWSET,SCREW SET,LS,,30,MENIT,30000.00
SENAIBAUTTAPOLI,SENAI BAUT TAP OLI,OTHER,,30,MENIT,50000.00
SERVIS,SERVIS ON COOLANT,LS,,2,JAM,150000.00
SERVISCARBU,SERVIS CARBU,LS,,25,MENIT,20000.00
SERVISCVTPCX,SERVIS CVT PCX,LS,,30,MENIT,60000.00
SERVISDEKMOTOR,SERVIS DEK MOTOR,LR,,45,MENIT,20000.00
SERVISIDLINGSTOP,SERVIS IDLINGSTOP,OTHER,,30,MENIT,40000.00
SERVISKUNCISADEL,SERVIS KUNCI SADEL,LS,,30,MENIT,35000.00
SERVISSAKLAR,SERVIS SAKLAR,LR,,15,MENIT,20000.00
SETELAN,SERVIS SETELAN ANGIN,,,30,MENIT,20000.00
SETELKOPLING,SETEL KOPLING,LR,,25,MENIT,20000.00
SGOL0001,Semarak Ganti Oli Ojek Online,OR+,,15,MENIT,0.00
shck,turun naik shock beker depan,LR,,20,MENIT,20000.00
SK,STEL KOPLING,LR,,15,MENIT,15000.00
SKP,SEAL KOP,LR,,20,MENIT,35000.00
SKR,SKUR KLEP,HR,,60,MENIT,50000.00
sl,SERVICE lengkap VISIT,LS,,1,JAM,45000.00
SLEPBLOKVARIO,SLEP BLOK VARIO,HR,,2,HARI,65000.00
SLEPKOPVARIO,SLEP KOP VARIO,HR,,2,HARI,75000.00
SLK,SIL KOP,LS,,30,MENIT,20000.00
SNAIDRATSTANG,SNAI DRAT STANG,HR,,2,JAM,25000.00
sp pcx/adv,paket super matic pcx/adv,LS,,45,MENIT,45000.00
spa,seal shock pcx/adv,HR,,60,MENIT,85000.00
SPULL,GANTI SPULL/STATOR COMP,OTHER,,30,MENIT,50000.00
SQUIS,SQUIS,HR,,2,JAM,50000.00
SR,SERVICE KUNCI KONTAK,LR,,30,MENIT,50000.00
SRP,SARINGAN POMPA BENSIN,LR,,20,MENIT,40000.00
SRV00112,Jasa Servis Kabel,LR,,15,MENIT,10000.00
SRV00115,Jasa Setel Peleng,LR,,1,JAM,30000.00
SRV00116,JASA,LR,,15,MENIT,20000.00
SRV00120,Jasa Pasang Kolboster,LR,,45,MENIT,15000.00
SRV00124,Ganti Shockbeker,LR,,30,MENIT,15000.00
SRV00125,SEAT LOCK GANTI,LR,,30,MENIT,10000.00
SRV00126,GANTI LEVER  R HANDLE,LR,,10,MENIT,15000.00
SRV00127,CABUT BAUT,LR,,30,MENIT,25000.00
SRV00128,Kuras Tangki Minyak,LR,,20,MENIT,40000.00
SRV00129,Ganti Oli shockbreker Depan,LR,,20,MENIT,20000.00
SRV00130,"RUBER STEP,GANTI",LR,,10,MENIT,5000.00
SRV00131,Pasang Stang Kemudi,LR,,20,MENIT,50000.00
SRV00132,Kolter Mesin,HR,,1,HARI,85000.00
SRV00133,senai rumah busi,LR,,1,HARI,100000.00
SRV00134,JASA PASANG KARET FILTER,LR,,10,MENIT,10000.00
SRV00136,PLAMPUNG MINYAK GANTI,LR,,30,MENIT,25000.00
SRV00137,SETRUM AKI,LR,,30,MENIT,10000.00
SRV00138,SOK BORING,LR,,1,HARI,300000.00
SRV00139,JASA PASANG VELG,LR,,30,MENIT,15000.00
SRV00140,GANTI SETLENA KAMRAT,LR,,30,MENIT,45000.00
SRV00141,Jasa Bongkar pasang magnet,LR,,30,MENIT,20000.00
SRV00143,BONGKAR PASANG MESIN MATIC,HR,,2,HARI,300000.00
SRV00144,GULUNG SPOL,LR,,4,JAM,50000.00
SRV00145,GANTI BEARING 6304,LR,,30,MENIT,40000.00
SRV00146,Pasang Per KickStater,LR,,1,JAM,35000.00
SRV00147,JASA BONGKAR PASANG KOPLING,LR,,20,MENIT,25000.00
SRV00149,SOK BAUT,LR,,15,MENIT,175000.00
SRV00150,SOK BAUT,LR,,30,MENIT,0.00
SRV00151,JASA PASANG SWITH STATER,LR,,10,MENIT,5000.00
SRV00152,JASA PASANG KONES,LR,,2,JAM,85000.00
SRV00154,SENTER BODY,HR,,2,HARI,350000.00
SRV00155,CONTACT ASSY CHANGE SV,LR,,15,MENIT,7000.00
SRV00156,GANTI KABEL GAS MATIC,LR,,1,JAM,55000.00
SRV00157,PASANG COVER COMP L SIDE,LR,,25,MENIT,35000.00
SRV00158,PATEK KOPLING,LR,,1,HARI,35000.00
SRV00159,JASA PERBAIKAN AS FORK DEPAN,LR,,1,HARI,250000.00
SRV00162,GANTI LEVER L HANDLE,LR,,10,MENIT,10000.00
StelKonesNewPCX,STEL KONES PCX,LS,,30,MENIT,50000.00
STELPELENG,STEL PELENG,OTHER,,45,MENIT,25000.00
STNG,PASANG STANG SEHER,HR,,60,MENIT,100000.00
SUPER001,Paket Super Lengkap,CS,,45,MENIT,0.00
SUPER002,Paket Super Lengkap CUB,CS,,45,MENIT,0.00
SUPER003,Paket Super Lengkap MATIC,CS,,45,MENIT,0.00
SUPER004,Paket Super Lengkap SPORT,CS,,45,MENIT,0.00
SUPER005,Paket Super Lengkap PREMIUM,CS,,45,MENIT,0.00
T0100543,T01,LR,,20,MENIT,0.00
T01A00548,T01A,LR,,20,MENIT,0.00
T01B00549,T01B,LR,,20,MENIT,0.00
TAMBALBANTUBLES,TAMBAL BAN TUBLES,LS,,20,MENIT,25000.00
TD000545,TD0,LR,,20,MENIT,0.00
THT,THROTTEL BODY,HR,,30,MENIT,50000.00
tmm,TURUN MESIN MATIC low,LR,,7,HARI,400000.00
Trm,Turun mesin matic  adv pcx vario160,HR,,7,HARI,550000.00
VS,PASANG VISOR,LR,,20,MENIT,25000.00
VST,SERVICE ringan VISIT,LS,,30,MENIT,25000.00
ws,windshield,LS,,15,MENIT,15000.00
